Wall time,Step,cnn_8_x4_nb,cnn_8_x4_b,cnn_32_x4
1537079388.08872,0,0.5917071104,0.6774917245,0.606246829
1537079612.63495,1,0.5915330648,0.6771057844,0.5981128216
1537079716.54599,2,0.5942226052,0.6680874228,0.6003912091
1537080003.43581,3,0.5949736834,0.6634972692,0.6015014052
1537080039.03134,4,0.5947680473,0.6623847485,0.5920187235
1537080093.65306,5,0.5947942734,0.6606318355,0.592961967
1537080237.62019,6,0.5947334766,0.6610839963,0.5935181975
1537080290.03365,7,0.5945313573,0.6603948474,0.5908378959
1537080553.15244,8,0.5919462442,0.6619690061,0.58774966
1537080606.88476,9,0.5915264487,0.6703764796,0.5906513333
1537080964.4468,10,0.5923221111,0.6716467738,0.590262413
1537081105.10035,11,0.5918552279,0.6724508405,0.5884568095
1537081158.1882,12,0.5919904709,0.6728804111,0.588414669
1537081175.9313,13,0.5918657184,0.6728253365,0.5890417695
1537081297.88136,14,0.5921218991,0.6732475758,0.5888321996
1537081630.55617,15,0.5865703225,0.6737804413,0.5881741047
1537081861.59293,16,0.5817578435,0.6738066077,0.5864647627
1537082053.8432,17,0.5841730237,0.6735670567,0.5852149725
1537082142.81212,18,0.5844442248,0.6732655168,0.5837293863
1537082195.69939,19,0.5855657458,0.6546227336,0.5835633278
1537082354.99125,20,0.5872244835,0.6596217155,0.5834151506
1537082372.57704,21,0.5876066089,0.6568385959,0.5833081007
1537082547.62743,22,0.5880391002,0.6576672196,0.5822872519
1537082633.70851,23,0.5876131654,0.6570435166,0.5827579498
1537082668.47598,24,0.5868141651,0.654897511,0.5830900073
1537082685.99905,25,0.5868439078,0.6546553373,0.5831762552
1537082755.13047,26,0.5870968699,0.6553092599,0.5829722285
1537082893.82248,27,0.5857231617,0.6545161605,0.5832750201
1537083035.61646,28,0.581704855,0.6553007364,0.5825404525
1537083053.28073,29,0.581587553,0.6540586948,0.5819934607
1537083143.52311,30,0.5808234811,0.653213501,0.5827327967
1537083339.65286,31,0.5772663355,0.6526114345,0.5821635723
1537083444.95937,32,0.5761935711,0.6488415599,0.5821308494
1537083636.66407,33,0.5520685911,0.6471010447,0.5829662085
1537083897.50071,34,0.5421487689,0.6469619274,0.5832400322
1537084002.81248,35,0.5392337441,0.6466954947,0.5832959414
1537084090.99134,36,0.5356255174,0.6436097622,0.5828063488
1537084215.66891,37,0.5309487581,0.6340649724,0.5827075839
1537084286.37302,38,0.5299360752,0.6296381354,0.5816239715
1537084321.48573,39,0.528506279,0.6294645071,0.5817251801
1537084649.25888,40,0.5154325962,0.6247708201,0.581641078
1537084735.44045,41,0.5135318041,0.6256294847,0.5812473893
1537084752.41254,42,0.5133364201,0.6287804842,0.5802494884
1537084838.74421,43,0.5111094117,0.627618432,0.5800661445
1537084925.57257,44,0.5096073747,0.6263768673,0.5797525644
1537084960.43426,45,0.5088752508,0.6277053952,0.5797439218
1537085098.56357,46,0.5066000819,0.6271136403,0.5792020559
1537085115.84996,47,0.5066708326,0.6257240176,0.5788009763
1537085306.47107,48,0.5045740604,0.6252150536,0.5790461302
1537085462.29162,49,0.5032321215,0.6250815392,0.5791385174
1537085601.1247,50,0.5010374784,0.6265395284,0.5786892176
1537085985.50577,51,0.4691954851,0.6256318092,0.5779101253
1537086055.73519,52,0.4722546041,0.6252607107,0.5776751041
1537086229.5811,53,0.4771318436,0.6107392907,0.5773335695
1537086991.70458,54,0.47149387,0.6151378155,0.5767148733
1537087009.3713,55,0.4714457095,0.6142321825,0.5769181848
1537087149.08982,56,0.4709317088,0.6138767004,0.5766661763
1537087305.98902,57,0.4691133797,0.617708385,0.5766011477
1537087342.13651,58,0.4689430296,0.6196010709,0.5765131712
1537087360.24053,59,0.4690596461,0.6201485395,0.5762345791
1537087414.73174,60,0.4690292776,0.6187550426,0.5759425163
1537087522.92426,61,0.469068706,0.6208330989,0.5763864517
1537087681.92791,62,0.4697401524,0.6210737228,0.5761758089
1537087733.99512,63,0.4693790972,0.6181933284,0.5759945512
1537087858.44138,64,0.4516027868,0.6176280379,0.5757939219
1537088033.55653,65,0.4600729346,0.6172297597,0.5759822726
1537088328.87966,66,0.463293016,0.6170458794,0.5754511952
1537088363.93959,67,0.4629335999,0.6167528629,0.5753849149
1537088697.03729,68,0.462618053,0.6170538068,0.5751006007
1537088731.64467,69,0.4635896385,0.6173372269,0.5746397376
1537088783.66106,70,0.4648434222,0.6182292104,0.5744383931
1537088922.95295,71,0.4647445977,0.605817914,0.5746753216
1537089027.69301,72,0.4642636776,0.6180009842,0.5739693046
1537089062.55327,73,0.4638043344,0.6185222268,0.5738069415
1537089115.41429,74,0.4646860957,0.6140501499,0.5737762451
1537089221.97714,75,0.4638170004,0.6138800979,0.5732949376
1537089311.20485,76,0.4627975523,0.6164102554,0.5726872683
1537089491.3492,77,0.4615330994,0.6179556847,0.5723491311
1537089599.77131,78,0.461147368,0.6178363562,0.5719191432
1537089708.21654,79,0.4609067738,0.6188073158,0.570818603
1537089780.28887,80,0.4606901705,0.619048357,0.570171535
1537089889.0088,81,0.4605367184,0.6184133887,0.5697624087
1537090037.84886,82,0.4374358654,0.6167901158,0.56955266
1537090092.33791,83,0.4249778092,0.6166327,0.570012033
1537090128.98537,84,0.4307192862,0.616366446,0.5697389245
1537090147.3966,85,0.4361826181,0.6160282493,0.5698544383
1537090239.68491,86,0.450058639,0.5979581475,0.5694475174
1537090257.77951,87,0.4509123564,0.6014105678,0.5691876411
1537090423.18433,88,0.4538496733,0.6017565727,0.5689871907
1537090571.4763,89,0.4557924271,0.6027835608,0.5685679317
1537090665.45181,90,0.4560076594,0.6021607518,0.5684128404
1537090757.75264,91,0.4561009407,0.6031148434,0.5680695772
1537090794.59985,92,0.4560202062,0.6042160392,0.5677428246
1537091015.85935,93,0.4525566101,0.6062988043,0.5673875809
1537091144.66862,94,0.4532419741,0.6061834693,0.5671322346
1537091162.94497,95,0.4533913732,0.6049471498,0.5669230223
1537091199.69782,96,0.4521930516,0.6043617129,0.5664154887
1537091254.33248,97,0.4517988861,0.6044656634,0.5665450692
1537091290.75663,98,0.4521256685,0.6056197286,0.5663958192
1537091511.54526,99,0.4522251487,0.6046767831,0.5665214062
1537091566.16482,100,0.4525935352,0.6045736074,0.5662962198
1537091640.07189,101,0.4527888894,0.6047695875,0.5663149953
1537091695.47726,102,0.4529041946,0.6042228341,0.5663453937
1537091750.42898,103,0.4524423182,0.6036080718,0.5661386847
1537091823.38051,104,0.4515461624,0.596409142,0.5659655333
1537091841.91071,105,0.4515194297,0.5941821933,0.5663468242
1537091914.13652,106,0.4522132277,0.593205452,0.566037178
1537092004.95309,107,0.4519431591,0.5921819806,0.56569314
1537092452.17697,108,0.4469533563,0.5905454755,0.5654273629
1537092599.9925,109,0.4439673126,0.5892415047,0.5654338598
1537092674.26651,110,0.4446259439,0.5882747173,0.5652444959
1537092747.99674,111,0.4415058494,0.5888352394,0.5650109053
1537092766.5235,112,0.4410219491,0.5877864361,0.5648297668
1537092894.67021,113,0.4443357289,0.5879144073,0.5646026731
1537093061.25283,114,0.4447382689,0.587919414,0.5644489527
1537093135.17189,115,0.4444404542,0.587639153,0.5644299388
1537093209.5048,116,0.443864882,0.5868807435,0.5583480597
1537093282.69242,117,0.4433281422,0.5865983963,0.5648112297
1537093301.39514,118,0.443095535,0.5865436196,0.5507679582
1537093374.9434,119,0.4418657124,0.5870027542,0.5593534112
1537093540.59159,120,0.4428880215,0.5599067211,0.5496225357
1537093613.88326,121,0.4431765974,0.5617367029,0.5420235991
1537093632.37531,122,0.4433456063,0.5630884171,0.5421462655
1537093650.84088,123,0.4438918829,0.562286973,0.5428968668
1537093687.63268,124,0.4436621666,0.5611245632,0.537765801
1537093706.32246,125,0.4440610111,0.5603293777,0.5381444097
1537093815.5283,126,0.4445519149,0.5624734163,0.5407966971
1537093887.72866,127,0.4443247616,0.5600078702,0.5430034399
1537093905.65504,128,0.4447170794,0.5596463084,0.5448989868
1537093941.50337,129,0.444088608,0.5599662662,0.5441347957
1537094032.89658,130,0.444804579,0.5601698756,0.546043098
1537094051.66797,131,0.4447582364,0.5575880408,0.5466489196
1537094069.91153,132,0.4447211921,0.5243849158,0.5478016734
1537094144.03118,133,0.4445290565,0.5254974365,0.547321856
1537094217.7489,134,0.4447188973,0.5235491991,0.5471511483
1537094308.49275,135,0.4436513782,0.5235942602,0.5462788939
1537094326.80025,136,0.443366617,0.5257359743,0.5452381968
1537094345.1953,137,0.4435227513,0.532191515,0.5450088382
1537094878.48335,138,0.4339563847,0.533711195,0.5457245708
1537094951.8075,139,0.4365938008,0.533169508,0.5457197428
1537094988.16057,140,0.4376097023,0.5305888057,0.5451635718
1537095078.61576,141,0.4363539815,0.5303860903,0.5435529351
1537095512.2835,142,0.4365684092,0.5309801698,0.5434593558
1537095548.79087,143,0.4361624122,0.5304577947,0.5443094969
1537095639.62889,144,0.4365905523,0.53141433,0.543633759
1537095676.52979,145,0.4368892312,0.5310309529,0.5438774228
1537095749.56482,146,0.436227411,0.5081876516,0.5441483855
1537095786.69296,147,0.4360274076,0.489554435,0.5434167385
1537095932.79926,148,0.4374769926,0.4974209964,0.5433766842
1537096041.33541,149,0.4364693463,0.5095149279,0.5441206694
1537096112.72877,150,0.4366288185,0.5085170269,0.5441551208
1537096237.67447,151,0.4355666637,0.5133811831,0.5450313091
1537096273.6076,152,0.4354682267,0.5109305382,0.5443046093
1537096383.29221,153,0.435867697,0.5138514042,0.5441569686
1537096420.22956,154,0.4356022775,0.5153298974,0.543748796
1537096475.43681,155,0.4354789853,0.5147895813,0.5443687439
1537096530.73083,156,0.4358540177,0.512803793,0.5435496569
1537096789.71531,157,0.4138318002,0.5144316554,0.5439239144
1537096808.34959,158,0.4098794162,0.5134637356,0.5441643
1537096862.71962,159,0.4168794155,0.5125831962,0.5435207486
1537096990.62704,160,0.4136562645,0.5134422183,0.5435488224
1537097045.80508,161,0.4169068933,0.5136672854,0.5434180498
1537097213.06456,162,0.4211601615,0.5124484897,0.5434421897
1537097286.97374,163,0.4214074612,0.5126366019,0.5433351398
1537097342.56917,164,0.423938781,0.5123337507,0.5431967974
1537097361.51533,165,0.4251658618,0.5119732022,0.5433524847
1537097526.55747,166,0.4254731238,0.5116792321,0.542625308
1537097544.90453,167,0.4265656471,0.5207598209,0.5426769853
1537097618.41125,168,0.4275212288,0.5183951259,0.5418016315
1537097654.58454,169,0.4291296005,0.5070468783,0.5424147248
1537097672.82876,170,0.4288890362,0.5013011098,0.5423700213
1537097745.08875,171,0.4274601042,0.4990836978,0.5417861342
1537097763.05993,172,0.4277452826,0.4998811483,0.5415510535
1537097816.91079,173,0.4291216731,0.4980526268,0.5413172841
1537097834.9691,174,0.4284401536,0.4970904291,0.5417088866
1537097980.48866,175,0.4297341406,0.496150285,0.5424931049
1537098053.82497,176,0.4290134609,0.4976148605,0.5422122478
1537098090.85031,177,0.4312261343,0.4984030128,0.5420399904
1537098127.55702,178,0.4314085245,0.4966016412,0.5418257117
1537098146.05957,179,0.4317946434,0.4963944554,0.5418886542
1537098315.55086,180,0.431373179,0.4973857999,0.5417585373
1537098370.66009,181,0.4318129122,0.4980285466,0.5412579775
1537098515.39152,182,0.4313225746,0.496979475,0.5414733887
1537098551.54533,183,0.4312210977,0.4981936216,0.5420154929
1537098731.31714,184,0.4307039976,0.4983975887,0.5421586633
1537098971.05449,185,0.4189113081,0.4972043633,0.5422865748
1537099209.87866,186,0.4091413915,0.4978529811,0.5426564813
1537099318.66746,187,0.4128344357,0.4974490106,0.5425280333
1537099373.11961,188,0.415915519,0.4979072213,0.5421832204
1537099409.63968,189,0.4158561826,0.4941772819,0.541805923
1537099482.28457,190,0.4164181948,0.48994717,0.5418356657
1537099554.93272,191,0.4173086286,0.4900036156,0.541585505
1537099591.09675,192,0.4183052182,0.4908106923,0.5411940813
1537099681.37907,193,0.4178846478,0.4901638925,0.5412427187
1537099699.2515,194,0.4182137847,0.4926041067,0.5414877534
1537099862.66556,195,0.4208481014,0.4912848473,0.5413144231
1537099972.39938,196,0.4214067757,0.4910542965,0.5413105488
1537100045.35886,197,0.4214411974,0.4896277189,0.540830791
1537100063.5806,198,0.4214063585,0.4900861979,0.5407118201
1537100246.52864,199,0.4231158197,0.4904689193,0.5407289863
1537100336.6167,200,0.4241288006,0.4895911217,0.5403617024
1537100590.36619,201,0.4249201119,0.4893811941,0.5403940678
1537100626.43138,202,0.4247864187,0.4898572266,0.5403434634
1537100991.5083,203,0.424906075,0.4897648096,0.5399399996
1537101009.55655,204,0.424972266,0.4891849458,0.539513588
1537101194.10855,205,0.4109431505,0.4883823991,0.5396553874
1537101212.38477,206,0.395789206,0.488250643,0.5397478938
1537101230.51502,207,0.3880719841,0.4885468483,0.539729774
1537101561.67263,208,0.4110786617,0.4887087345,0.5397255421
1537101778.43891,209,0.4119031727,0.4884468317,0.5397631526
1537101796.70495,210,0.412325412,0.4893500209,0.5395015478
1537101906.85139,211,0.4103565812,0.4898521304,0.5396973491
1537101943.39082,212,0.4095650315,0.4897215366,0.5393261909
1537102035.05055,213,0.4089296162,0.4886704981,0.5391633511
1537102510.7133,214,0.4105142951,0.4856833816,0.5389190316
1537102547.59219,215,0.4107764065,0.47407493,0.5385990739
1537102729.86078,216,0.4099497795,0.4742636085,0.5383497477
1537102932.84421,217,0.4101503491,0.482478708,0.5385559201
1537102987.90634,218,0.4099340737,0.4830214381,0.5383914113
1537103042.94337,219,0.4097276628,0.4825745225,0.5380622745
1537103519.60871,220,0.4040233493,0.4813133478,0.537758708
1537103630.05124,221,0.3995818496,0.4796782434,0.5375738144
1537103760.35268,222,0.3995255828,0.4809512496,0.5371978283
1537103870.07741,223,0.3959488571,0.482745111,0.5374312997
1537104052.54531,224,0.4009985328,0.4825788736,0.5373818874
1537104144.26488,225,0.4015066624,0.4826674461,0.5374155641
1537104162.58335,226,0.4015704989,0.4829578698,0.5372118354
1537104216.90311,227,0.4021979272,0.4839502275,0.53748101
1537104363.54727,228,0.403137207,0.4836986661,0.5375767946
1537104418.87238,229,0.4034072161,0.4829093814,0.5373387337
1537104473.92962,230,0.4031074047,0.4850511253,0.5372928977
1537104528.94873,231,0.4034086168,0.4862060249,0.5370415449
1537104547.24747,232,0.4034956694,0.4853254557,0.5369426012
1537104878.79526,233,0.4038414657,0.4850279987,0.544390142
1537105151.10097,234,0.4056295753,0.4846809506,0.5523495078
1537105421.42344,235,0.4087215662,0.4622936845,0.5437928438
1537105475.72377,236,0.40955019,0.4756468832,0.5452903509
1537105493.78339,237,0.4095322788,0.4752791822,0.5444101691
1537105530.12225,238,0.4093752205,0.4816049337,0.5403095484
1537105660.76064,239,0.3894247413,0.4832093716,0.5410097837
1537106065.53336,240,0.4587633014,0.4841430187,0.5441572666
1537106156.38444,241,0.4607588649,0.4832958579,0.5445215702
1537106211.29165,242,0.4605510533,0.4811791778,0.5462142825
1537106284.27314,243,0.457683295,0.4765798748,0.5472354889
1537106320.74758,244,0.4556490183,0.4755933583,0.5463843942
1537106393.75409,245,0.4535216093,0.4739701152,0.5446616411
1537106468.21316,246,0.4510002136,0.4743596017,0.5437180996
1537106542.6765,247,0.4498209059,0.4751758873,0.5417237282
1537107004.3284,248,0.4399190247,0.4741282165,0.5415847301
1537107022.48935,249,0.4393337071,0.4739872813,0.5418944955
1537107225.38076,250,0.4360097647,0.4725404382,0.5411539674
1537107373.51544,251,0.4336282313,0.4730498195,0.5390670896
1537107391.78603,252,0.4335360825,0.4720385075,0.5357798934
1537107447.28716,253,0.4331667721,0.4728174806,0.5346276164
1537107483.9828,254,0.4327834845,0.4735376239,0.5342741609
1537107667.87142,255,0.4305208325,0.4735538065,0.5338637233
1537107909.54744,256,0.4024738371,0.474578321,0.5337040424
1537108186.81274,257,0.4021150768,0.475184381,0.5330877304
1537108205.48905,258,0.4012621343,0.4759697318,0.5325661898
1537108261.14164,259,0.4004146159,0.4754039347,0.5325683951
1537108708.03122,260,0.4008867741,0.4761458039,0.5319389105
1537108726.39635,261,0.4014012218,0.4574207962,0.531375289
1537108763.43134,262,0.4016088247,0.4496121407,0.5312541127
1537108892.86579,263,0.4010749459,0.4606308639,0.530982554
1537109021.09288,264,0.4011293352,0.4669970274,0.5300929546
1537109039.71185,265,0.4011646211,0.4672669172,0.5301602483
1537109204.4667,266,0.4016753137,0.4676769078,0.531049192
1537109278.29308,267,0.4015070796,0.4632013142,0.5304899216
1537109315.02889,268,0.4022940099,0.4698648751,0.5299890041
1537109388.55676,269,0.4029964209,0.4699911773,0.5293970108
1537109554.47394,270,0.4024439454,0.4694796205,0.5291223526
1537109683.19207,271,0.4020561576,0.4681398869,0.5280831456
1537109701.43279,272,0.4020063281,0.468288362,0.5274406672
1537109793.09101,273,0.4017626047,0.4686048925,0.526999414
1537109940.89684,274,0.4022466838,0.4689793289,0.5277912617
1537110221.12234,275,0.406242162,0.4694826007,0.5273068547
1537110239.84463,276,0.4024567306,0.4682344794,0.5272775888
1537110313.60058,277,0.4015064538,0.4688661993,0.5264053941
1537110406.13129,278,0.4012261629,0.4689137042,0.5264843702
1537110461.99279,279,0.3961720467,0.4670051038,0.5264676809
1537110499.39151,280,0.3962335289,0.4675270021,0.5262815952
1537110555.23372,281,0.3945024014,0.4682391286,0.5264321566
1537110610.99815,282,0.3973069489,0.4682626724,0.5259549022
1537110685.56863,283,0.3989970386,0.4534646869,0.5258832574
1537110835.61657,284,0.3996693492,0.4578243792,0.5256903768
1537110985.31331,285,0.4001375735,0.4609443545,0.525693059
1537111060.23108,286,0.3993397355,0.459449172,0.52572155
1537111116.25544,287,0.3972473443,0.460829109,0.5252127647
1537111247.00668,288,0.3959365785,0.459454,0.5247677565
1537111414.51278,289,0.3961425126,0.4608999193,0.5249785185
1537111489.5153,290,0.3960234225,0.4591667354,0.5250523686
1537111508.208,291,0.3958402872,0.4585361481,0.5245243311
1537111527.20001,292,0.395722717,0.459081769,0.5243251324
1537111564.69561,293,0.3960697353,0.4591766298,0.5240364671
1537111620.99536,294,0.3959288597,0.4635132253,0.5239677429
1537111751.91237,295,0.3972064853,0.4651045501,0.523709774
1537111920.03927,296,0.3978132606,0.4662036598,0.5234093666
1537112106.99278,297,0.3966085017,0.4667288363,0.5239236951
1537112181.88324,298,0.3977195919,0.465639323,0.524017632
1537112218.74659,299,0.3979756534,0.4667644501,0.523927629
1537112274.40598,300,0.3975063264,0.4667391777,0.5233239532
1537112482.55375,301,0.373020649,0.467022568,0.5233348012
1537112539.09246,302,0.3574768007,0.4660191834,0.5227811337
1537112557.56584,303,0.3625214398,0.466306746,0.5226529837
1537112576.3917,304,0.3653293252,0.4429809153,0.5224023461
1537112669.5803,305,0.3697081208,0.4450407922,0.5218529701
1537112931.23524,306,0.3793384433,0.449657917,0.5213358998
1537113099.56504,307,0.3808397651,0.4559930861,0.5208284259
1537113211.37673,308,0.3820160031,0.445990622,0.5203680396
1537113341.3856,309,0.384136647,0.4461531639,0.5205477476
1537113359.56956,310,0.3845008314,0.4452404678,0.5205494165
1537113525.91676,311,0.3875487149,0.4457493126,0.5211961269
1537113656.2568,312,0.3875864148,0.4528139532,0.5210621953
1537113880.52051,313,0.3889579475,0.4552076757,0.5212358832
1537114011.22576,314,0.3891350925,0.4526718557,0.5215710998
1537114048.45622,315,0.389111042,0.456204325,0.5218458176
1537114123.71582,316,0.3894732594,0.4570521712,0.5217583179
1537114312.43517,317,0.3907394707,0.4586615562,0.5216425657
1537114331.18441,318,0.3904619813,0.4593966007,0.5215581059
1537114388.05707,319,0.3900977671,0.4591342509,0.5216190219
1537114481.74747,320,0.3904260695,0.4593036473,0.5216987133
1537114556.80067,321,0.3912288845,0.4587420225,0.5219016671
1537114916.77025,322,0.3871354163,0.4575926065,0.5220764875
1537114973.93846,323,0.3870406151,0.4580858946,0.5220447183
1537115087.46208,324,0.3881802857,0.4577956796,0.5216655731
1537115106.96109,325,0.3875274658,0.4588203728,0.5214267969
1537115126.00494,326,0.3873639405,0.4589924812,0.5210934281
1537115770.11654,327,0.3811218441,0.4490166306,0.5199468732
1537115884.29566,328,0.381591022,0.4524368346,0.5195590854
1537116016.80964,329,0.3821549714,0.4426060319,0.5192511082
1537116130.23541,330,0.3816890717,0.4410712719,0.5187507868
1537116205.80874,331,0.3831926584,0.4404542148,0.5185936689
1537116244.12888,332,0.3836771846,0.4391692579,0.5184075832
1537116281.83417,333,0.3837758005,0.4530647099,0.5177234411
1537116395.82314,334,0.3844273388,0.4556388855,0.5174154043
1537116452.95015,335,0.3848810494,0.4554884434,0.5170673728
1537116490.57539,336,0.3851938844,0.4604001045,0.5169866681
1537116547.0729,337,0.3866056204,0.4598518312,0.5164647102
1537116603.8094,338,0.3867153227,0.4577473402,0.5159478188
1537116660.30088,339,0.3869777918,0.4571178257,0.5157732964
1537116830.64738,340,0.3882933259,0.457092315,0.5150657296
1537116868.74384,341,0.3880960941,0.4574713409,0.5141428709
1537117213.52503,342,0.3662515581,0.4569449127,0.5135146379
1537117232.65748,343,0.3661557436,0.456263274,0.5129324198
1537117251.68752,344,0.3678588271,0.4564298987,0.5125251412
1537117518.11532,345,0.3733347356,0.4556981921,0.5119768977
1537117594.22482,346,0.3767623603,0.4559270442,0.5117255449
1537117670.89946,347,0.3776284754,0.4564910829,0.5113550425
1537117747.87751,348,0.3802815974,0.4557086527,0.4437127709
1537117824.60744,349,0.3829206824,0.4572074115,0.4394193888
1537117862.83688,350,0.3830721378,0.4530902207,0.4392800629
1537117900.55155,351,0.3826142251,0.4428551197,0.4462516904
1537118052.51693,352,0.3854745328,0.4422620237,0.4441477656
1537118090.485,353,0.3856443763,0.4397645295,0.4393104911
1537118147.11464,354,0.3881141245,0.4464862943,0.439047724
1537118204.00125,355,0.3888816535,0.4455225468,0.4413769245
1537118260.37473,356,0.389826864,0.4460600317,0.4429670274
1537118354.82503,357,0.3913487792,0.4455007315,0.4435683787
1537118711.99664,358,0.3929446042,0.4447346032,0.4444261491
1537118937.68547,359,0.3929998279,0.4454450309,0.4437111616
1537118956.01239,360,0.3936373591,0.4463839829,0.4438233376
1537119012.21782,361,0.3932257891,0.4453963935,0.4461697042
1537119030.91145,362,0.3934745193,0.4486613572,0.4468980134
1537119068.83058,363,0.3928826749,0.4540296793,0.4470888078
1537119106.62102,364,0.3932251036,0.4537644088,0.446103096
1537119182.27297,365,0.393838346,0.4537265003,0.4461959004
1537119375.48285,366,0.4063359499,0.4543973804,0.4456865191
1537119471.61251,367,0.3951595426,0.4532152116,0.4463510513
1537119509.80114,368,0.3959525526,0.4532009959,0.4448128045
1537119643.55716,369,0.3898546696,0.4540006518,0.4435065389
1537119795.26815,370,0.3865551651,0.414365381,0.4441011846
1537119871.58737,371,0.3847209811,0.4476695955,0.4466667771
1537120004.25797,372,0.386649996,0.4458218813,0.4465436041
1537120023.42752,373,0.3875994682,0.4365645349,0.4456570745
1537120307.79038,374,0.3870141208,0.4382407963,0.4445015192
1537120364.83937,375,0.3857327104,0.4401221871,0.4433965683
1537120421.41134,376,0.3869222999,0.4414769113,0.443936348
1537120440.49982,377,0.3872028589,0.440764755,0.4429998398
1537120515.76775,378,0.3888139427,0.4401483536,0.4428777099
1537120553.35261,379,0.3884342313,0.4406807125,0.4435103834
1537120647.33251,380,0.3869688511,0.4421759248,0.4438641071
1537120799.62666,381,0.3873664737,0.442055285,0.4424194098
1537120818.44046,382,0.3870645165,0.4428547323,0.44251737
1537120893.97288,383,0.3878769577,0.4435460567,0.4423008263
1537120932.26694,384,0.3875235915,0.4434933364,0.4423550963
1537120970.05263,385,0.3882566094,0.4429264069,0.4421996176
1537121046.36571,386,0.3890771866,0.4434529543,0.4420387447
1537121234.32407,387,0.3889821172,0.444073379,0.4419755936
1537121271.76955,388,0.3882764876,0.4444949031,0.4415403605
1537121309.32837,389,0.3880414367,0.4452480078,0.4411481917
1537121328.37807,390,0.3874202669,0.4442569613,0.4414401054
1537121404.58337,391,0.3873279989,0.4448722899,0.441049993
1537121461.18582,392,0.3868885338,0.4287808239,0.4405667782
1537121729.16765,393,0.3755936921,0.4318745732,0.4406288266
1537121804.28238,394,0.3655198812,0.4348705411,0.4412296712
1537122068.42495,395,0.3715083003,0.4345115423,0.441405952
1537122143.24926,396,0.3723924458,0.4354934096,0.4423660934
1537122180.38894,397,0.3723658621,0.4365554154,0.4421621859
1537122273.36477,398,0.3723070025,0.4362294376,0.4423483014
1537122292.01266,399,0.3730904162,0.4371188581,0.4427603483
1537122329.02357,400,0.3741613328,0.4397290945,0.4426089227
1537122384.91565,401,0.3730447888,0.4408171773,0.4416996241
1537122422.23203,402,0.3746842444,0.4419418573,0.4415926933
1537122459.34459,403,0.375744909,0.4419705272,0.4426680207
1537122477.99128,404,0.3756738603,0.4409970939,0.4430764019
1537122609.19275,405,0.3758922517,0.4411816001,0.4430575371
1537122665.12867,406,0.3764747083,0.4402500689,0.4431335032
1537122758.67645,407,0.3784458041,0.4413951337,0.4440450072
1537123117.30164,408,0.3790434599,0.4425289035,0.4435020387
1537123306.01538,409,0.3783282638,0.4430774748,0.4437762201
1537123419.29846,410,0.3802035451,0.4425425529,0.4436849356
1537123475.58412,411,0.3806653321,0.3921802938,0.4442895949
1537123532.24151,412,0.3798578978,0.4199905396,0.4438383281
1537123588.61417,413,0.3795470297,0.4284527004,0.4443027973
1537123607.80745,414,0.379337579,0.4307903349,0.444398731
1537123626.65394,415,0.3791313767,0.4331515133,0.4440863431
1537123815.79547,416,0.3797358572,0.4339471757,0.444527477
1537123834.70939,417,0.3802316189,0.4338050783,0.444270283
1537123970.08117,418,0.3874921501,0.4321493804,0.444740504
1537124008.73244,419,0.3763461113,0.4339987934,0.4443980157
1537124236.81525,420,0.3724859059,0.4339877665,0.4440250099
1537124255.77545,421,0.3709822297,0.4391117394,0.4448509216
1537124293.48067,422,0.3713128865,0.439191699,0.4452945292
1537124444.62466,423,0.3774511516,0.441593647,0.4455609322
1537124616.01798,424,0.374588877,0.4407331944,0.4459990263
1537124937.71522,425,0.3769054413,0.4403392673,0.4458080828
1537125202.57156,426,0.376817137,0.4404422641,0.4457903802
1537125278.26468,427,0.3766991496,0.4389639497,0.4458357692
1537125297.50884,428,0.376394242,0.4393034577,0.446567893
1537125335.11537,429,0.3772704005,0.4387522638,0.4464210868
1537125486.25303,430,0.3776745796,0.4395225942,0.4465393126
1537125523.52438,431,0.3769468367,0.4396539927,0.4466865361
1537125598.45004,432,0.3773274124,0.4509582818,0.4462839067
1537125786.96078,433,0.3773972094,0.4398759902,0.4459578395
1537125937.56603,434,0.3777213097,0.4362874031,0.4463133812
1537125956.34916,435,0.3780667484,0.4371984899,0.4462818205
1537126280.1837,436,0.3358352482,0.4386981726,0.4466530085
1537126432.18072,437,0.3829719424,0.4357429743,0.4467736781
1537126546.49913,438,0.3761284351,0.4367964864,0.446919471
1537126565.48747,439,0.3761171997,0.4376674891,0.4470596611
1537126603.59284,440,0.3799412251,0.4377937019,0.446683228
1537126641.79454,441,0.3781897128,0.4374527335,0.4467099607
1537126736.16187,442,0.3781305254,0.4364471734,0.4470499158
1537127210.57009,443,0.3735703528,0.435264796,0.4466875792
1537127229.27951,444,0.3732097149,0.4349901378,0.447073698
1537127419.99294,445,0.3724192679,0.4341860414,0.4465830028
1537127457.92372,446,0.3718091846,0.4332081378,0.4466061592
1537127533.98351,447,0.3719450533,0.4353783727,0.4465654492
1537127553.01106,448,0.3723906577,0.4352689683,0.4468648732
1537127762.64507,449,0.3721942902,0.4353973866,0.4465531707
1537127819.85286,450,0.3721513152,0.43476668,0.4465469718
1537127933.115,451,0.3722219765,0.435996592,0.4467154145
1537128026.79616,452,0.372307688,0.4319278002,0.4462835789
1537128063.71107,453,0.3720310032,0.4319802821,0.4464868605
1537128101.07685,454,0.3721409738,0.4312904179,0.4461897314
1537128138.37273,455,0.3722780049,0.4293498099,0.4460351169
1537128306.1678,456,0.3734302521,0.4249732792,0.4461744726
1537128381.01787,457,0.374202311,0.4251674414,0.4461300969
1537128455.75936,458,0.3746454716,0.4245487452,0.4458788335
1537128607.30027,459,0.3694159389,0.4271347225,0.4459685683
1537128663.28201,460,0.3847403526,0.4296165407,0.4457494318
1537128831.15735,461,0.3801370263,0.4298452735,0.445907414
1537128849.34087,462,0.3799290955,0.4283963144,0.4457473457
1537129030.65762,463,0.3760401011,0.4283627272,0.4457501173
1537129066.51811,464,0.3763857484,0.4286888838,0.4271351099
1537129283.0966,465,0.3749429882,0.4262363911,0.4137439132
1537129301.28736,466,0.3750314415,0.427093029,0.41012308
1537129319.27953,467,0.3754766881,0.4321688414,0.4175969064
1537129391.88063,468,0.3748363554,0.4340055585,0.4190689027
1537129464.06038,469,0.3751827776,0.4339874387,0.4272855818
1537129572.48011,470,0.3736497462,0.4346224666,0.4223389328
1537129879.41689,471,0.372382164,0.4345805943,0.4208725095
1537129934.34958,472,0.3727868497,0.4370911717,0.4206237495
1537129989.08001,473,0.3727237284,0.4355062842,0.4304951429
1537130007.35654,474,0.372759521,0.4335378408,0.456348896
1537130153.88053,475,0.3724664152,0.4217892885,0.4609473348
1537130262.84547,476,0.373062104,0.4181114435,0.4646065831
1537130374.07167,477,0.373173058,0.4186601341,0.4659386873
1537130466.73638,478,0.3734422922,0.4196237326,0.4652778506
1537130932.50758,479,0.3716365397,0.4205116332,0.4658632576
1537131007.21736,480,0.3688794971,0.419837147,0.4647218585
1537131044.44691,481,0.3724879324,0.4200235903,0.4622192979
1537131137.37306,482,0.3738731146,0.4200114012,0.4630948305
1537131230.57798,483,0.3730868697,0.4200855196,0.463790983
1537131472.60484,484,0.3701789379,0.4228307903,0.463348031
1537131603.10863,485,0.3682880104,0.4250393808,0.4641081095
1537131881.4177,486,0.366999656,0.4241706431,0.4646444023
1537132086.34724,487,0.3711222708,0.4248407185,0.4647345543
1537132104.59349,488,0.3714748919,0.424590379,0.4640309215
1537132159.69817,489,0.3722147942,0.4239079058,0.4639424086
1537132271.61096,490,0.3727347255,0.4246861041,0.4635286629
1537132402.872,491,0.373160392,0.38323313,0.4636861682
1537132421.60488,492,0.373196274,0.3923948109,0.4653328061
1537132440.02087,493,0.3729651868,0.3989987075,0.4651139975
1537132458.4487,494,0.3726795316,0.4153458178,0.4648219943
1537132477.00501,495,0.3722539544,0.4157548547,0.4653090835
1537132645.31237,496,0.3731073439,0.4090107083,0.4656570256
1537133189.81736,497,0.3912200034,0.4123440683,0.4642173052
1537133208.21272,498,0.3882724345,0.4144539833,0.465800494
1537133226.99658,499,0.3838095069,0.4177689552,0.4645739496
1537133358.25692,500,0.3719962239,0.4191790521,0.4631598592
1537133562.92708,501,0.3698533177,0.4261246324,0.462233454
1537133600.02946,502,0.3692033589,0.428643465,0.4614135921
1537133822.28387,503,0.3685104251,0.4290149808,0.461166352
1537133840.58862,504,0.3712633252,0.4275107384,0.4609670937
1537133895.92011,505,0.3714472353,0.4273373783,0.4614318013
1537133932.98457,506,0.3704033792,0.4268415272,0.4623253047
1537133951.79472,507,0.3714832067,0.4263641536,0.4627363384
1537133988.77066,508,0.3718372285,0.4591302574,0.4624227285
1537134341.44761,509,0.3720335364,0.4215599298,0.4611393809
1537134489.44891,510,0.3711399734,0.4324453771,0.4618402123
1537134545.34084,511,0.3713506162,0.4195626676,0.4615266919
1537134712.605,512,0.3718602657,0.4252774119,0.4603188932
1537134731.10641,513,0.3718598187,0.4240272939,0.4604203403
1537134878.54068,514,0.3733565807,0.4269319475,0.4597151577
1537134897.0715,515,0.3734158576,0.4305688739,0.4589186609
1537135006.87514,516,0.3732001781,0.431778878,0.4587555826
1537135062.71508,517,0.3736100793,0.4327608943,0.4590961933
1537135174.05682,518,0.3738482594,0.4328004122,0.4591005743
1537135211.33274,519,0.3738265932,0.4311702251,0.4589880407
1537135361.16115,520,0.3659189939,0.4313457906,0.4584264755
1537135676.52571,521,0.3642886281,0.4308130443,0.4593362212
1537135713.63251,522,0.3650485277,0.4316164255,0.4587909579
1537135732.58074,523,0.3653739095,0.4299072027,0.4581715763
1537135751.3009,524,0.3639546037,0.4287575185,0.4582175314
1537135958.04318,525,0.3647143841,0.4288700223,0.4248997271
1537136145.02679,526,0.3655317426,0.4297237992,0.4174315929
1537136294.88899,527,0.3662042916,0.4294348657,0.4218621552
1537136612.66886,528,0.364738971,0.4310602248,0.4227758944
1537136744.70985,529,0.3652184308,0.4182464778,0.4217223227
1537136763.58052,530,0.3651095033,0.4125210643,0.4224202633
1537136819.77803,531,0.3639279306,0.4131143987,0.422011137
1537137119.08129,532,0.3659263849,0.4177923799,0.4213765264
1537137194.61032,533,0.3657047451,0.4180961251,0.4234589338
1537137288.28713,534,0.3659768701,0.4210817516,0.4256123304
1537137325.95484,535,0.3656895757,0.4228238165,0.4254039228
1537137363.94334,536,0.3651800454,0.424477458,0.425660938
1537137401.52131,537,0.3654067516,0.4235770404,0.4262132645
1537137439.58909,538,0.3654422462,0.4254533052,0.4266618788
1537137515.72492,539,0.3653125763,0.4260880053,0.4272249341
1537137649.93723,540,0.3530508578,0.4263706803,0.4308065772
1537137819.99105,541,0.3592500091,0.4259407818,0.4307653606
1537137857.67443,542,0.3570942879,0.419570297,0.4301963747
1537137914.28456,543,0.356833756,0.4159089029,0.4309584796
1537138064.54692,544,0.3562031388,0.4148196876,0.4303428233
1537138102.01779,545,0.3575065732,0.4214621484,0.4298399687
1537138120.64422,546,0.3568015099,0.4236456156,0.4297783673
1537138139.6968,547,0.3556798398,0.4166025817,0.430308491
1537138291.82526,548,0.3591205478,0.4131831229,0.4301186502
1537138575.41233,549,0.3589779139,0.4116043448,0.4300730526
1537138613.29786,550,0.3603708148,0.4185157418,0.4307774007
1537138651.0289,551,0.3615113795,0.4197911024,0.430239588
1537138688.52471,552,0.361689508,0.4223281443,0.4300402701
1537138895.02835,553,0.3625957966,0.4242645204,0.4292942882
1537138971.24711,554,0.362875253,0.4251001477,0.4293941557
1537139218.28864,555,0.3622944355,0.4266738892,0.4294405282
1537139652.83026,556,0.3637334406,0.4258546829,0.4305947423
1537140049.94448,557,0.3535808325,0.4265680313,0.4299482107
1537140068.90477,558,0.3543468416,0.4271653295,0.4300984144
1537140182.839,559,0.3635070324,0.4261932969,0.4297820032
1537140201.70502,560,0.3607552052,0.4265555739,0.4285869598
1537140239.30056,561,0.3622716665,0.4266858101,0.4037036002
1537140295.78681,562,0.3637921214,0.4269479513,0.4119147062
1537140390.10696,563,0.3632960618,0.4257149696,0.4123170078
1537140464.87311,564,0.3625234365,0.408950597,0.4109374285
1537140502.71967,565,0.3618606329,0.4033172429,0.4126347005
1537140806.31346,566,0.366132319,0.4017426968,0.4099496901
1537141014.30434,567,0.3659749627,0.408367455,0.4153978229
1537141145.20872,568,0.3665324748,0.4096768796,0.4172869027
1537141163.79108,569,0.3669450879,0.4136675,0.4175370336
1537141294.60885,570,0.3656755686,0.4144043922,0.418294102
1537141351.04091,571,0.365942508,0.4127459824,0.4186244607
1537141798.10152,572,0.3658615351,0.4116975963,0.4166564345
1537141853.93726,573,0.3663263023,0.4120284319,0.4170077145
1537141983.38282,574,0.3665419221,0.4144914746,0.417060405
1537142038.53331,575,0.3663300574,0.4152644277,0.4167744517
1537142057.05234,576,0.3661885262,0.4139882624,0.4165504575
1537142093.76732,577,0.3657742143,0.4132843316,0.416659385
1537142112.14521,578,0.3658370376,0.4132231772,0.4169672728
1537142357.25297,579,0.3576865494,0.413107872,0.4170571566
1537142602.46627,580,0.3592661321,0.4131332636,0.4167093635
1537142697.20187,581,0.3565374315,0.4140032232,0.4162769318
1537142867.27885,582,0.3609223068,0.4151324928,0.41653952
1537142904.92955,583,0.3601667583,0.4161806405,0.4169835746
1537142942.15937,584,0.3597477376,0.4181617498,0.4168716967
1537143072.39756,585,0.3582570553,0.4237640202,0.4179672301
1537143313.28471,586,0.3578050137,0.4313081801,0.4170876443
1537143350.38657,587,0.3581310511,0.4365820885,0.4166571796
1537143461.60037,588,0.3581939936,0.4359822273,0.4170236588
1537143610.23026,589,0.3597878814,0.4341007173,0.4167907834
1537143723.07304,590,0.3601203263,0.4342730045,0.4168663621
1537143741.92474,591,0.3601719141,0.4302709699,0.4167046249
1537143835.04571,592,0.3607823849,0.4321087301,0.4165041745
1537143927.7473,593,0.3604973853,0.4271729589,0.4166071713
1537144060.58074,594,0.3616683781,0.4257628024,0.4167278409
1537144212.70687,595,0.3624473214,0.4264782071,0.4167629778
1537144287.65978,596,0.3630830646,0.4271115363,0.4167164266
1537144362.84518,597,0.3632710576,0.4254981279,0.4155953228
1537144721.85536,598,0.3631720245,0.4225920737,0.4061188698
1537144759.73259,599,0.3592094183,0.4212635458,0.3861202002
1537144797.61537,600,0.359143585,0.422668457,0.398884207
1537144854.05757,601,0.3547900617,0.4229713976,0.4108569324
1537144947.79368,602,0.3547263443,0.4248521924,0.4107771218
1537145267.31271,603,0.3541885018,0.4249954224,0.4106996059
1537145361.34457,604,0.3563705981,0.4235648513,0.4104602933
1537145699.49956,605,0.3590891957,0.4233826399,0.4089908302
1537145774.05316,606,0.3582609892,0.4225249588,0.4065419436
1537145829.64457,607,0.3588322103,0.4218408763,0.4045502841
1537145923.25106,608,0.35932073,0.4259041548,0.4037777781
1537146054.71557,609,0.3587450385,0.4259014428,0.4038840532
1537146128.71228,610,0.3589396775,0.4079074562,0.4021989107
1537146165.40009,611,0.3587067425,0.4172516763,0.4020817578
1537146277.76448,612,0.3590026796,0.4172972143,0.4015633166
1537146296.37768,613,0.3586446345,0.4136571288,0.402423948
1537146407.94399,614,0.3599157035,0.4143668711,0.4028584957
1537146538.11139,615,0.360172689,0.4131644666,0.4019648135
1537146649.67637,616,0.3612388968,0.4146057367,0.4012275934
1537146819.43646,617,0.425644815,0.4144000709,0.4017732143
1537146930.41159,618,0.3598597348,0.4149252772,0.4019003808
1537147135.85686,619,0.3604227901,0.417810142,0.4013375044
1537147173.28861,620,0.3594388366,0.4178230166,0.4009612203
1537147360.76192,621,0.3597670496,0.417625308,0.3995283544
1537147416.48333,622,0.3594071567,0.4181627929,0.3993578851
1537147453.96988,623,0.3589684367,0.4184463918,0.3994224966
1537147547.52074,624,0.3587855697,0.4178335667,0.4001755416
1537147844.23088,625,0.3625523448,0.3877634406,0.4003803134
1537147881.16334,626,0.3619285524,0.3936836421,0.400796026
1537147992.26896,627,0.3613032401,0.390412271,0.4006122649
1537148066.79242,628,0.3605143726,0.4012985528,0.401604563
1537148104.15358,629,0.3590683043,0.4045723081,0.4011946321
1537148364.39323,630,0.359990567,0.4038798809,0.4008903503
1537148586.93277,631,0.3584079444,0.4038936794,0.4008152783
1537148680.1852,632,0.3585433662,0.4033151567,0.3878964186
1537148907.10079,633,0.3602057993,0.4095261693,0.389215529
1537148926.60977,634,0.3601965904,0.4082924724,0.3947503865
1537149161.63871,635,0.3495112062,0.4114443958,0.3973637223
1537149180.66891,636,0.3396655321,0.4126986563,0.3976350129
1537149450.54513,637,0.3539795578,0.4126135409,0.3991828859
1537149527.23393,638,0.3556200266,0.4120349288,0.398502171
1537149565.24876,639,0.3572798371,0.4140085876,0.3976573944
1537149603.0374,640,0.3563466966,0.4150804281,0.397326231
1537149659.70008,641,0.3584573865,0.4147393405,0.3954603672
1537149718.28237,642,0.356107533,0.4135530591,0.3951153159
1537149891.93849,643,0.3551155031,0.4128955603,0.3967309892
1537150006.59231,644,0.3587900996,0.4122827649,0.3970096111
1537150044.37237,645,0.3585373163,0.4122410119,0.3970023692
1537150251.49703,646,0.3590370119,0.4094414115,0.3960475326
1537150270.91752,647,0.3591404855,0.3973941803,0.3943509459
1537150385.26075,648,0.3592109084,0.3970536888,0.3952015936
1537150517.29281,649,0.3590067625,0.394831121,0.3948493302
1537150963.50226,650,0.3615600467,0.3986894786,0.3946322799
1537151074.30576,651,0.36084041,0.3981281817,0.3945493102
1537151111.24617,652,0.360946089,0.3968196213,0.3944496512
1537151631.46102,653,0.3424652815,0.398828119,0.3944133818
1537151689.10706,654,0.3392046988,0.3992777169,0.3945868611
1537151765.49722,655,0.3390933275,0.4013105929,0.3942191899
1537151784.76899,656,0.3377183378,0.40139094,0.3943235278
1537151803.99947,657,0.3397316635,0.4011665583,0.3943195045
1537151919.52588,658,0.3440514207,0.4028565288,0.3938229382
1537151977.62503,659,0.3436536789,0.4035488367,0.3940061927
1537152016.50913,660,0.3441466391,0.4049570262,0.3940962553
1537152190.29313,661,0.3485968113,0.4051362872,0.3943338692
1537152325.59825,662,0.3506601155,0.4050829113,0.3834982812
1537152421.37687,663,0.3509883881,0.3767921627,0.3767540157
1537152574.10092,664,0.353538841,0.4125092626,0.3709193766
1537152651.30379,665,0.3543863893,0.3974379599,0.3750618398
1537152728.36621,666,0.3559389114,0.4005925953,0.3805049658
1537152977.89013,667,0.3557746708,0.4032971859,0.380635649
1537153015.68832,668,0.3556497991,0.405135572,0.3800039589
1537153072.8634,669,0.3561400771,0.4077295363,0.375947684
1537153303.82078,670,0.3557993174,0.4075404406,0.3716012537
1537153380.50347,671,0.3552203774,0.4070570469,0.3767209351
1537153476.47292,672,0.356076628,0.4092471004,0.3758255243
1537153514.6296,673,0.3566680253,0.410287559,0.3767506778
1537153825.58868,674,0.3435218632,0.4088990688,0.3771052361
1537153864.97612,675,0.3389990628,0.4082762301,0.3762009144
1537153904.00904,676,0.3422635198,0.4068490267,0.3772495389
1537154154.22486,677,0.3538655937,0.4074630737,0.3770329356
1537154452.77583,678,0.351321578,0.40745157,0.3780380189
1537154545.35187,679,0.3526880443,0.4078447223,0.3776994348
1537154675.39872,680,0.3554145396,0.380236119,0.378449291
1537155143.84504,681,0.3540522754,0.3895441294,0.3782066107
1537155163.13561,682,0.3545715213,0.3945752382,0.3784947693
1537155181.89117,683,0.3544256091,0.3947140276,0.3793657124
1537155312.92013,684,0.3546354473,0.3939832151,0.3788568974
1537155499.97893,685,0.3539339602,0.3931542337,0.3797046244
1537155648.94882,686,0.3548059165,0.39415887,0.3800764382
1537155760.53957,687,0.3558037877,0.3946354091,0.3798120022
1537155779.14271,688,0.3558052182,0.3953763247,0.380623281
1537155854.11921,689,0.3578294516,0.3965245783,0.3802323937
1537156176.88899,690,0.3637709618,0.3969641924,0.3811127245
1537156290.01688,691,0.3606804013,0.3978913724,0.3814792633
1537156402.83454,692,0.3580749333,0.3982131481,0.3816412091
1537156458.88734,693,0.3532930017,0.3975940049,0.3822170198
1537156739.35304,694,0.3511100411,0.4024458826,0.3828636408
1537156815.00738,695,0.3532817662,0.4051089287,0.3832055032
1537157020.7207,696,0.3535234928,0.4052419662,0.3830402792
1537157114.29519,697,0.35343799,0.40617764,0.3832567036
1537157207.5167,698,0.3525742888,0.407166481,0.3648725748
1537157282.48456,699,0.3534493446,0.407886833,0.3567329943
1537157301.00103,700,0.3537351489,0.4071578681,0.3753127754
1537157506.15886,701,0.3551120162,0.4078632891,0.3932245374
1537157524.90865,702,0.3550806046,0.39781183,0.3913164735
1537157729.20471,703,0.3557129502,0.4000620842,0.3871290386
1537157766.32973,704,0.3556829989,0.4019778371,0.3848281205
1537157784.97105,705,0.3556144834,0.3983162045,0.3783203363
1537157916.03568,706,0.355474025,0.3958422542,0.3763662577
1537157952.9314,707,0.3554334641,0.3966951072,0.374189198
1537157971.60495,708,0.3556663394,0.39628613,0.3735153973
1537157990.22461,709,0.3554497957,0.3950345218,0.3750369847
1537158008.52443,710,0.3554978669,0.394800812,0.3766045868
1537158119.70712,711,0.3555808663,0.3945603967,0.3768290281
1537158643.36066,712,0.3477571905,0.3937650323,0.3772335947
1537158957.35137,713,0.3480017483,0.3980490863,0.3789293766
1537159048.63351,714,0.349342376,0.3979696631,0.379678458
1537159066.63676,715,0.3492679298,0.4027030766,0.3797466755
1537159103.42492,716,0.3489444554,0.4021771848,0.3773649931
1537159247.45199,717,0.3479281366,0.4047177434,0.3818178773
1537159463.29141,718,0.354406774,0.4040548205,0.3821393251
1537160295.763,719,0.3597728908,0.4051216245,0.3818548918
1537160659.09257,720,0.3324361742,0.4049209654,0.3817230761
1537160677.23322,721,0.3413959146,0.4049321711,0.3812576532
1537160876.21611,722,0.3388495445,0.4045437574,0.3810491264
1537160894.33165,723,0.3404977322,0.4340099096,0.3807475567
1537160930.09915,724,0.3412524462,0.4077972472,0.3804887831
1537160966.57869,725,0.3422488272,0.4032457769,0.3800189197
1537161021.34086,726,0.3430126011,0.3954955339,0.3798252344
1537161039.33526,727,0.3447026312,0.3983059227,0.3792372644
1537161075.51265,728,0.3452682793,0.4002632201,0.3783979118
1537161490.5434,729,0.3433526158,0.39944911,0.3778147697
1537161583.94515,730,0.3428235352,0.3985338807,0.3774399757
1537161638.23774,731,0.3476228714,0.3995750844,0.3772012591
1537161692.83048,732,0.3477512002,0.3966113031,0.3773866296
1537161783.27312,733,0.3492958248,0.3931544423,0.3771350086
1537161981.84086,734,0.3506732583,0.3934379518,0.3771796525
1537162144.27128,735,0.3514769971,0.3922696412,0.3766652942
1537162198.16154,736,0.3510859907,0.3941623569,0.3765523434
1537162216.37928,737,0.3509482145,0.3982466161,0.3762387335
1537162376.88724,738,0.3512722254,0.3998802006,0.3764321208
1537162483.87927,739,0.3518396616,0.3996283412,0.3761880994
1537162881.26022,740,0.3606140316,0.3989410996,0.3756572008
1537162988.81257,741,0.3503864408,0.3993042409,0.3759462237
1537163060.41294,742,0.3466519117,0.3983387351,0.3758148253
1537163114.39682,743,0.351645112,0.398283571,0.3757715523
1537163222.64644,744,0.3484493196,0.3975222409,0.3463382721
1537163258.44828,745,0.3462848067,0.3982893229,0.3650565743
1537163420.28351,746,0.347948879,0.3986195326,0.3656565845
1537163492.33295,747,0.3477867544,0.3977887332,0.3543677032
1537163600.21708,748,0.3484044075,0.3988745511,0.353797704
1537163690.10872,749,0.3472570181,0.4001241028,0.3555416167
1537163797.45774,750,0.3487959504,0.3993015885,0.3593107462
1537163959.30459,751,0.3480098844,0.3984628916,0.3565788269
1537164085.59262,752,0.3488898575,0.3987878859,0.3563885987
1537164157.53857,753,0.3488359153,0.3669806719,0.357529074
1537164318.34831,754,0.3514060676,0.3715936542,0.3591327667
1537164586.95693,755,0.3520047069,0.3704767227,0.3598594368
1537164712.36473,756,0.3524740636,0.3784784675,0.3594835401
1537164766.40877,757,0.3522328734,0.3825305998,0.3578448594
1537164802.92335,758,0.3520565927,0.3823432326,0.3570661545
1537164821.15264,759,0.3522702754,0.384843111,0.3574790359
1537165003.35978,760,0.3725561798,0.387609154,0.3576233685
1537165021.31701,761,0.3735851645,0.3883528113,0.3576343358
1537165256.3612,762,0.3477553427,0.3894607425,0.3570196033
1537165365.76083,763,0.3511011004,0.3913117647,0.3592363894
1537165384.10483,764,0.3494385779,0.3916463256,0.3601874411
1537165420.39531,765,0.3515771329,0.3917751908,0.3600385487
1537165532.01144,766,0.3498211205,0.3920534849,0.3598926961
1537165586.94992,767,0.3480897248,0.391299963,0.360301584
1537165695.61643,768,0.3482242525,0.3930216432,0.3596844077
1537165767.05659,769,0.34967345,0.3932208121,0.3609632254
1537165893.61274,770,0.3490036726,0.3935980499,0.3634225428
1537166074.65312,771,0.3495797217,0.3948277533,0.3628529012
1537166183.77132,772,0.3503310978,0.3967161179,0.3635023236
1537166256.05272,773,0.3498402536,0.3983410299,0.3638131022
1537166310.36054,774,0.3506789804,0.4197753668,0.364264369
1537166454.58039,775,0.3504191935,0.4194581807,0.3643401563
1537166490.41984,776,0.3507909179,0.4124026597,0.3646171987
1537166723.35237,777,0.3535727262,0.4062564075,0.3649151325
1537166795.16081,778,0.3541710377,0.395430088,0.3657744229
1537166813.10978,779,0.3548946083,0.3947314918,0.3653509915
1537167266.52131,780,0.3570836186,0.3921646476,0.3656081557
1537167284.62007,781,0.3515686393,0.3929715455,0.3655374646
1537167338.52501,782,0.3481407166,0.3911979795,0.3653357625
1537167464.74533,783,0.349989444,0.3880935907,0.3656702042
1537167500.43936,784,0.3486307561,0.3868854344,0.3658595383
1537167645.38327,785,0.3479332626,0.3880217671,0.3659282625
1537167681.94882,786,0.3473865986,0.3863951862,0.3663913012
1537167700.02856,787,0.3460859358,0.3895762563,0.3665268719
1537167934.96519,788,0.3459900916,0.3917425573,0.3668467104
1537167970.958,789,0.3464464545,0.3980459869,0.367478013
1537168150.967,790,0.3458302915,0.3982852697,0.368163079
1537168204.90074,791,0.346136868,0.3984587193,0.3690447211
1537168403.67081,792,0.3460526168,0.3976735473,0.3686192036
1537168457.9966,793,0.3468610048,0.3975885808,0.3687634766
1537168493.9365,794,0.3466565311,0.397539705,0.3689678311
1537168530.01142,795,0.3477676809,0.3962448537,0.3163438141
1537168746.79473,796,0.3491345644,0.3955447674,0.3152155876
1537169050.35933,797,0.3504013717,0.396746546,0.3256343901
1537169138.42007,798,0.3499496877,0.3805608749,0.3399711251
1537169423.34497,799,0.3473668098,0.3913621306,0.3446539044
1537169533.26524,800,0.3447223008,0.3847623169,0.3489362895
1537169662.95132,801,0.3448821604,0.3959187865,0.3478087485
1537169774.17237,802,0.3442783654,0.4020681977,0.3482743204
1537169811.30059,803,0.3447208107,0.4011504948,0.3481223583
1537169885.25541,804,0.3418108523,0.4003607333,0.3464527428
1537170015.15141,805,0.343201071,0.3988131285,0.3491257429
1537170033.91136,806,0.3441246152,0.3986538053,0.3490500748
1537170052.47472,807,0.3437281251,0.3968445659,0.3523009121
1537170238.92771,808,0.3481694162,0.3988421261,0.3515300155
1537170628.12058,809,0.3477840424,0.3969379961,0.3515271842
1537170720.19324,810,0.3478316367,0.3963987827,0.351703018
1537170812.21642,811,0.3468281329,0.3958209753,0.3512870967
1537170922.73934,812,0.3467846811,0.3958966434,0.3530113101
1537171105.03937,813,0.3475116491,0.3952546418,0.3544938266
1537171196.04478,814,0.3482549787,0.3961474597,0.3548704982
1537171305.09013,815,0.3489589989,0.3952339292,0.3556910157
1537171377.61425,816,0.3494882882,0.3950628638,0.3553702533
1537171396.06167,817,0.3494926691,0.3965096772,0.3561282158
1537171654.21543,818,0.3169230223,0.3970194161,0.3550633788
1537171709.15281,819,0.344035089,0.3974973559,0.354860425
1537171727.2206,820,0.3441353142,0.3832473457,0.3555651009
1537171763.6388,821,0.3438471258,0.3815274239,0.3554836512
1537171818.23039,822,0.3428856134,0.3812554181,0.3558333516
1537171836.59289,823,0.3420593143,0.3836487234,0.355899632
1537171855.24108,824,0.3432071805,0.385507971,0.3562128842
1537171946.56344,825,0.3440526128,0.3868014216,0.3562301099
1537171983.22461,826,0.3429931104,0.3878222108,0.3564317226
1537172037.01399,827,0.3449108303,0.3879045844,0.3573244214
1537172054.45744,828,0.3435528278,0.3881012797,0.3576491773
1537172071.94737,829,0.345082283,0.3866048455,0.357763499
1537172089.38001,830,0.3459968269,0.3860428631,0.3577644527
1537172124.50407,831,0.3463440537,0.3880014122,0.3574150801
1537172176.83265,832,0.3469783664,0.3896076083,0.3588212729
1537172194.4405,833,0.3464791179,0.3905371726,0.3587786257
1537172299.02989,834,0.3465474844,0.39161852,0.3584786654
1537172403.50478,835,0.347376883,0.3914001584,0.3582597077
1537172438.35656,836,0.3470261097,0.3770019114,0.3585650325
1537172490.41928,837,0.3466689885,0.3908907771,0.358535856
1537172700.55975,838,0.3475226462,0.3973344564,0.3584239483
1537172840.82031,839,0.3465226889,0.3902558088,0.3536671996
1537172875.51685,840,0.3475391269,0.3936156929,0.349347353
1537172980.95112,841,0.347853452,0.3922640383,0.3540438712
1537173102.47097,842,0.3488147259,0.3915375769,0.3505972922
1537173190.31519,843,0.3494408429,0.3916712403,0.3461604416
1537173314.85125,844,0.3498364389,0.3901061118,0.3488859832
1537173546.96068,845,0.3509965539,0.3905291557,0.348561883
1537173654.06359,846,0.3518226147,0.3900936246,0.3489044011
1537173798.8271,847,0.3607597053,0.3905980885,0.3507145941
1537174086.13637,848,0.3410139084,0.3898395002,0.3496556282
1537174139.65683,849,0.3412355185,0.3929624856,0.3500456512
1537174175.80325,850,0.3415481448,0.3928122818,0.3516710699
1537174193.65649,851,0.3425822854,0.3928868771,0.3515241444
1537174533.39492,852,0.3419225216,0.3766947985,0.3510310054
1537174688.65938,853,0.3426291347,0.4084579647,0.3518070281
1537174900.83086,854,0.3455552459,0.4100269973,0.3513195515
1537174954.28319,855,0.3465021849,0.3907797635,0.3502226174
1537175007.00486,856,0.3474805951,0.3914232552,0.3502681851
1537175239.95717,857,0.3486841023,0.3889321387,0.3499444723
1537175383.19674,858,0.3500626385,0.3888915479,0.3500061333
1537175526.56807,859,0.3505581915,0.3933152556,0.3491122127
1537175544.53263,860,0.3507461846,0.3917147219,0.3487013578
1537175597.88888,861,0.3507679701,0.3944283128,0.3479326367
1537175633.5217,862,0.3505842388,0.3962416947,0.3479332626
1537175651.59309,863,0.3503618836,0.3982718289,0.3485267758
1537176007.78409,864,0.3211317658,0.3969242871,0.348279506
1537176151.22857,865,0.3303018808,0.3992527425,0.3480946124
1537176417.63781,866,0.3428792655,0.3985645175,0.3450316787
1537176541.54877,867,0.3492746651,0.3982655406,0.3453738391
1537176648.18728,868,0.3513388932,0.3963513076,0.3453261256
1537176701.61869,869,0.3500792682,0.3962391019,0.3459497094
1537176826.18294,870,0.3476828337,0.3951893449,0.3462764621
1537177057.29684,871,0.3489541709,0.3957138062,0.3465103209
1537177093.09742,872,0.348857671,0.3966318369,0.3474848568
1537177111.03509,873,0.348791033,0.39745754,0.3478880525
1537177128.67129,874,0.3487660885,0.3975583911,0.3476927578
1537177235.84158,875,0.3485001326,0.3979839981,0.347848177
1537177556.38308,876,0.3499177098,0.3721731007,0.3487116694
1537177840.95725,877,0.3508894145,0.3721404076,0.3491153419
1537177965.3713,878,0.3512137532,0.3714929819,0.3494814038
1537178162.8086,879,0.3298204541,0.3742522001,0.3491213322
1537178180.62086,880,0.3368667364,0.3714746237,0.3504623175
1537178287.25693,881,0.344827354,0.375333786,0.3505505919
1537178445.96924,882,0.3377445936,0.3767988384,0.351508081
1537178512.67527,883,0.3362395465,0.3750799298,0.3516944647
1537178545.75908,884,0.3358563483,0.3756285012,0.3519235253
1537178643.97631,885,0.3404377699,0.3727732897,0.3516993225
1537178693.04776,886,0.34112674,0.3748943508,0.3618074059
1537178775.35286,887,0.3407271206,0.3757289946,0.3298085928
1537179068.54794,888,0.3473310173,0.3765987158,0.3312606812
1537179150.19339,889,0.3464255333,0.3830868006,0.3333165646
1537179247.91564,890,0.3470050693,0.3843981326,0.338737458
1537179362.16142,891,0.3475812674,0.3851708472,0.3392663896
1537179427.62704,892,0.3463762403,0.3848888576,0.3378001451
1537179476.63223,893,0.3466695547,0.3847228587,0.3410075605
1537179724.39267,894,0.3478051722,0.3844985664,0.3408137262
1537179856.71272,895,0.3477928936,0.3843791187,0.3376363814
1537179921.96291,896,0.3475372493,0.3846030533,0.3394341171
1537179938.34081,897,0.3472946286,0.38523826,0.3387711048
1537180330.23909,898,0.3470061123,0.3708702922,0.3387676477
1537180379.6448,899,0.3457817733,0.3676021099,0.3392935693
1537180396.48389,900,0.3433941603,0.365252316,0.3401950896
1537180429.8647,901,0.3430856466,0.3698570132,0.3419115245
1537180463.54794,902,0.3415763676,0.3765801787,0.341820389
1537180480.39232,903,0.3420547843,0.375654906,0.3414725363
1537180547.56708,904,0.3464506865,0.3773645163,0.3404684365
1537180564.43502,905,0.3452306986,0.3750944734,0.3407504261
1537180749.29736,906,0.343853116,0.3794935942,0.3406309485
1537180849.09501,907,0.3451601565,0.379870683,0.341372937
1537180916.04475,908,0.3435374796,0.37987113,0.3408810794
1537181302.98826,909,0.3441465795,0.3800993264,0.3420487344
1537181521.91841,910,0.3480438888,0.3796013892,0.3422887921
1537181657.21979,911,0.3495083451,0.382124424,0.3429577053
1537181758.26961,912,0.349092871,0.3800379038,0.343236655
1537181791.65238,913,0.3494344354,0.3807153702,0.3421450555
1537181808.65844,914,0.3495031595,0.379263401,0.3421334922
1537181977.85692,915,0.3503874838,0.3791185319,0.3419206142
1537181994.8565,916,0.3503798544,0.3793185651,0.3417479396
1537182342.04861,917,0.3329629004,0.3796307445,0.3417391479
1537182393.5568,918,0.3401551843,0.3806846142,0.341609329
1537182577.40857,919,0.3406712711,0.3805684447,0.3418631852
1537182594.00339,920,0.3412100673,0.3811289668,0.3425283134
1537182644.47207,921,0.3411434293,0.3808673024,0.3426252007
1537182812.79868,922,0.3383490443,0.416351378,0.342292726
1537182937.78361,923,0.3401074708,0.3744092882,0.3423563838
1537183009.5504,924,0.3419808447,0.3797090054,0.3427486122
1537183081.6047,925,0.343070209,0.3773870468,0.3254777193
1537183243.51316,926,0.343457073,0.3763124645,0.3311157525
1537183332.91911,927,0.3437759876,0.374591887,0.3403715789
1537183368.47993,928,0.344384551,0.380325973,0.3353087604
1537183402.76075,929,0.3447475135,0.3819057047,0.3349545002
1537183555.63932,930,0.3452799022,0.3824328482,0.338346988
1537183640.44811,931,0.3455385864,0.3794723451,0.3405332863
1537183725.59669,932,0.346549511,0.3804648221,0.3413300514
1537183961.42165,933,0.3479461372,0.382376045,0.3411161005
1537183978.20045,934,0.3478694558,0.3816242814,0.3431768715
1537184011.83661,935,0.3479950726,0.3815480173,0.342903614
1537184098.04199,936,0.3491227329,0.38192904,0.3430908918
1537184361.36029,937,0.3312351704,0.382866621,0.3428674638
1537184463.08453,938,0.3308954835,0.3828300238,0.3427894711
1537184683.26072,939,0.344181478,0.3826391399,0.3423043489
1537184835.12447,940,0.339568764,0.3870125115,0.3418825865
1537184868.92047,941,0.3398679793,0.3733133078,0.3423115015
1537184936.47658,942,0.3395836651,0.3721313775,0.3421237767
1537184953.2633,943,0.3398880064,0.3771533668,0.3429498672
1537185021.17131,944,0.3382234871,0.3749351203,0.3426749706
1537185121.83342,945,0.3386982381,0.3787158728,0.3421137333
1537185220.14002,946,0.3404768407,0.379674077,0.3418118358
1537185301.76068,947,0.3415812552,0.3782504499,0.3418337107
1537185350.48594,948,0.3418008983,0.3790697753,0.3419865072
1537185382.87667,949,0.3420399129,0.3821703494,0.3413754106
1537185565.00595,950,0.3457453549,0.3851969838,0.3420310616
1537185636.40766,951,0.3463613391,0.3871688247,0.3425892591
1537185788.04507,952,0.3459574282,0.3869021833,0.3426850736
1537185853.22411,953,0.3461998105,0.3871482313,0.3433405161
1537185923.0966,954,0.3468827009,0.3867130876,0.3440926075
1537186013.19969,955,0.3476305008,0.3856105506,0.3443074524
1537186031.145,956,0.3473208249,0.3850747943,0.3449971676
1537186104.23853,957,0.347158432,0.3852625489,0.3451705575
1537186229.38896,958,0.3482457995,0.4064569473,0.345659107
1537186415.9725,959,0.3505397141,0.4087061584,0.3452493548
1537186451.55308,960,0.3425721526,0.387824893,0.3458462059
1537186487.73538,961,0.3441521525,0.3831905425,0.3459700346
1537186506.15587,962,0.3418735564,0.3788523078,0.3460535705
1537186659.56947,963,0.3440081775,0.378767848,0.3455962539
1537186676.48202,964,0.3462126851,0.3811016381,0.34531039
1537186693.71122,965,0.3460725248,0.3790300786,0.3455073535
1537186801.16484,966,0.3432005048,0.3785608411,0.3462566733
1537187003.86461,967,0.3448989093,0.3784064054,0.3469041586
1537187086.85954,968,0.3441859484,0.3770697713,0.3464697003
1537187223.37999,969,0.3451872766,0.3764869273,0.3291174471
1537187259.2875,970,0.345980525,0.3753963113,0.333399713
1537187435.81022,971,0.3466702998,0.3790563345,0.330352664
1537187470.75623,972,0.3469247222,0.380779773,0.3327813447
1537187727.52204,973,0.3465761542,0.3784431219,0.3326177895
1537187915.43106,974,0.3449122906,0.3780725896,0.3319861889
1537187948.34509,975,0.3449448943,0.3789030612,0.3306437135
1537188013.9074,976,0.3449580371,0.3801342547,0.3328590095
1537188046.34043,977,0.3451704383,0.3801839352,0.3333376348
1537188212.12312,978,0.3460483551,0.3802488744,0.3347555697
1537188263.82337,979,0.3462673426,0.3805353343,0.3358659446
1537188508.13102,980,0.328712374,0.3650805652,0.3344812393
1537188734.32122,981,0.330670625,0.3668369353,0.3327677846
1537188769.56019,982,0.3301849365,0.3725397289,0.333799392
1537188960.84093,983,0.3329457641,0.369370997,0.333239466
1537189083.12412,984,0.3379635513,0.3744650781,0.3327924907
1537189135.75145,985,0.3364281356,0.3757505119,0.3322470188
1537189207.32089,986,0.3388699889,0.3734057248,0.3320426941
1537189296.82698,987,0.3400196731,0.3729940653,0.3315407336
1537189458.41116,988,0.3428219259,0.3712786436,0.3315674663
1537189654.13107,989,0.3447414339,0.3740147948,0.3311088681
1537189779.5256,990,0.3441447914,0.3738389015,0.3317072093
1537189903.38479,991,0.3447422683,0.3731435239,0.331032902
1537190080.04703,992,0.3440876603,0.37332654,0.3312678337
1537190133.69702,993,0.3439933956,0.372531563,0.3313566744
1537190205.94832,994,0.3447324634,0.374319464,0.331697762
1537190224.01259,995,0.3446097374,0.3732183576,0.3315227032
1537190313.24923,996,0.345153898,0.3744661808,0.331148684
1537190421.11802,997,0.3466454744,0.376485616,0.3318371475
1537190457.15782,998,0.3470918536,0.377623409,0.3317568302
1537190492.3867,999,0.3470237553,0.3780681193,0.3327156007
,1000,,,0.3341740966
,1001,,,0.3339773118
,1002,,,0.3344430625
,1003,,,0.3353163898
,1004,,,0.3354722559
,1005,,,0.3360334337
,1006,,,0.3358094692
,1007,,,0.3354215622
,1008,,,0.3357244432
,1009,,,0.3359777927
,1010,,,0.3360401392
,1011,,,0.3362474442
,1012,,,0.377566278
,1013,,,0.3281292915
,1014,,,0.3418187499
,1015,,,0.3417476714
,1016,,,0.3414334357
,1017,,,0.3400571346
,1018,,,0.3363411129
,1019,,,0.3357168734
,1020,,,0.3349013329
,1021,,,0.334161222
,1022,,,0.3329482675
,1023,,,0.3328669071
,1024,,,0.3333186507
,1025,,,0.3330689073
,1026,,,0.3321149051
,1027,,,0.3309493661
,1028,,,0.3304853737
,1029,,,0.3307417333
,1030,,,0.3325392306
,1031,,,0.3333173096
,1032,,,0.3334845304
,1033,,,0.3337452412
,1034,,,0.333697021
,1035,,,0.3349699676
,1036,,,0.3350053132
,1037,,,0.3351199329
,1038,,,0.3348045051
,1039,,,0.3348059654
,1040,,,0.3342680633
,1041,,,0.3342089653
,1042,,,0.3344464302
,1043,,,0.334564954
,1044,,,0.3356581628
,1045,,,0.3356693089
,1046,,,0.3358098567
,1047,,,0.336304456
,1048,,,0.3365994394
,1049,,,0.3216649294
,1050,,,0.3266890943
,1051,,,0.3210820556
,1052,,,0.3254776001
,1053,,,0.3267098069
,1054,,,0.3265780807
,1055,,,0.3282716274
,1056,,,0.3245695829
,1057,,,0.3245903254
,1058,,,0.326066494
,1059,,,0.3253293633
,1060,,,0.3254515827
,1061,,,0.326671809
,1062,,,0.3266431987
,1063,,,0.3252357244
,1064,,,0.3254131675
,1065,,,0.3260255158
,1066,,,0.3262930512
,1067,,,0.3270916939
,1068,,,0.3272806704
,1069,,,0.3278953731
,1070,,,0.3276686966
,1071,,,0.3281051219
,1072,,,0.3280061781
,1073,,,0.3283714652
,1074,,,0.3290568888
,1075,,,0.3289578557
,1076,,,0.3297659159
,1077,,,0.329898566
,1078,,,0.3294455707
,1079,,,0.3290386796
,1080,,,0.3288662136
,1081,,,0.329493016
,1082,,,0.3301659226
,1083,,,0.3276681602
,1084,,,0.3296733201
,1085,,,0.3323290348
,1086,,,0.334666729
,1087,,,0.3281241953
,1088,,,0.3281769753
,1089,,,0.3241863251
,1090,,,0.3219611347
,1091,,,0.3271637559
,1092,,,0.3242646158
,1093,,,0.3232399821
,1094,,,0.3217229545
,1095,,,0.3233444691
,1096,,,0.3228395283
,1097,,,0.3236602843
,1098,,,0.3210120797
,1099,,,0.3225004375
,1100,,,0.3231567144
,1101,,,0.3232590258
,1102,,,0.3234173357
,1103,,,0.323489219
,1104,,,0.3243758976
,1105,,,0.3244992495
,1106,,,0.3242089152
,1107,,,0.3233694732
,1108,,,0.3238925338
,1109,,,0.3236373365
,1110,,,0.3231630623
,1111,,,0.3231475353
,1112,,,0.3231398761
,1113,,,0.3228273392
,1114,,,0.3243630826
,1115,,,0.3246960342
,1116,,,0.3245736063
,1117,,,0.324783951
,1118,,,0.3261380792
,1119,,,0.3255719841
,1120,,,0.3255981803
,1121,,,0.3254062533
,1122,,,0.3251513243
,1123,,,0.3251447082
,1124,,,0.3259509206
,1125,,,0.3257839382
,1126,,,0.3251439035
,1127,,,0.3250987232
,1128,,,0.3256042302
,1129,,,0.2975034714
,1130,,,0.3071459532
,1131,,,0.303165853
,1132,,,0.3076704443
,1133,,,0.3141563833
,1134,,,0.3165279925
,1135,,,0.3162038624
,1136,,,0.3176228106
,1137,,,0.3147333264
,1138,,,0.3212766051
,1139,,,0.318926245
,1140,,,0.3203586638
,1141,,,0.3186728954
,1142,,,0.320109427
,1143,,,0.3204070628
,1144,,,0.3201784194
,1145,,,0.3197195232
,1146,,,0.3189307749
,1147,,,0.3190623522
,1148,,,0.3216712773
,1149,,,0.321092546
,1150,,,0.3206982911
,1151,,,0.3217424154
,1152,,,0.3214499056
,1153,,,0.3218950331
,1154,,,0.3218052685
,1155,,,0.3219457567
,1156,,,0.3215008676
,1157,,,0.3216358721
,1158,,,0.3215355873
,1159,,,0.3221996427
,1160,,,0.3220716119
,1161,,,0.3227227032
,1162,,,0.3227698803
,1163,,,0.3223698735
,1164,,,0.3220658302
,1165,,,0.3227574229
,1166,,,0.3194565475
,1167,,,0.3233289719
,1168,,,0.3162461519
,1169,,,0.3115127683
,1170,,,0.3135516942
,1171,,,0.318548739
,1172,,,0.3176980615
,1173,,,0.3175941408
,1174,,,0.316249162
,1175,,,0.3163917065
,1176,,,0.3151857555
,1177,,,0.3203696311
,1178,,,0.3197847605
,1179,,,0.321591109
,1180,,,0.3200877011
,1181,,,0.3204496503
,1182,,,0.3195619583
,1183,,,0.3203299046
,1184,,,0.3207303584
,1185,,,0.3212019205
,1186,,,0.3214997053
,1187,,,0.3217393756
,1188,,,0.3239442706
,1189,,,0.3237705529
,1190,,,0.3235049248
,1191,,,0.3240753412
,1192,,,0.3240756691
,1193,,,0.3242684603
,1194,,,0.3241949975
,1195,,,0.3243038952
,1196,,,0.3243533075
,1197,,,0.3241599202
,1198,,,0.3243232965
,1199,,,0.3242432177
,1200,,,0.3244866133
,1201,,,0.3251693249
,1202,,,0.3252879083
,1203,,,0.3248877227
,1204,,,0.324818939
,1205,,,0.3243908584
,1206,,,0.3242981732
,1207,,,0.3196933568
,1208,,,0.32212767
,1209,,,0.3182553649
,1210,,,0.3140571713
,1211,,,0.3105145991
,1212,,,0.3112652898
,1213,,,0.3129870892
,1214,,,0.3137542009
,1215,,,0.3142989576
,1216,,,0.3148651421
,1217,,,0.3163009286
,1218,,,0.3151800036
,1219,,,0.3176333308
,1220,,,0.3182578683
,1221,,,0.3173584342
,1222,,,0.3177202642
,1223,,,0.3185105622
,1224,,,0.3179389834
,1225,,,0.3180947602
,1226,,,0.3193347752
,1227,,,0.3199813664
,1228,,,0.319614917
,1229,,,0.3209618032
,1230,,,0.3197958171
,1231,,,0.3202567399
,1232,,,0.3201438785
,1233,,,0.3201677799
,1234,,,0.3201858997
,1235,,,0.319776386
,1236,,,0.3188538253
,1237,,,0.3196266294
,1238,,,0.320541203
,1239,,,0.3208304048
,1240,,,0.3218530416
,1241,,,0.3215763569
,1242,,,0.3215405047
,1243,,,0.3215113282
,1244,,,0.321519196
,1245,,,0.3210093975
,1246,,,0.3209949732
,1247,,,0.3208344877
,1248,,,0.3208492696
,1249,,,0.3233891428
,1250,,,0.3175517619
,1251,,,0.3175691962
,1252,,,0.3143449724
,1253,,,0.314561218
,1254,,,0.314080447
,1255,,,0.3150067329
,1256,,,0.3153695166
,1257,,,0.3129064441
,1258,,,0.3120495975
,1259,,,0.314239949
,1260,,,0.3142605722
,1261,,,0.313188076
,1262,,,0.3118825853
,1263,,,0.3102759421
,1264,,,0.3093751669
,1265,,,0.3090431988
,1266,,,0.3065765798
,1267,,,0.3082566261
,1268,,,0.3076227307
,1269,,,0.3092162907
,1270,,,0.3116348088
,1271,,,0.3115410805
,1272,,,0.3117517531
,1273,,,0.3121300936
,1274,,,0.3118962348
,1275,,,0.3123703897
,1276,,,0.3126391768
,1277,,,0.3126150966
,1278,,,0.313046813
,1279,,,0.3131721914
,1280,,,0.3131133616
,1281,,,0.3125087917
,1282,,,0.312651664
,1283,,,0.312459439
,1284,,,0.3132799864
,1285,,,0.3138979077
,1286,,,0.3136645257
,1287,,,0.3140515685
,1288,,,0.3142167628
,1289,,,0.3140646219
,1290,,,0.3145035505
,1291,,,0.3146264255
,1292,,,0.3144853711
,1293,,,0.3137747645
,1294,,,0.3143764436
,1295,,,0.3148261607
,1296,,,0.3148180544
,1297,,,0.3146372437
,1298,,,0.3149575591
,1299,,,0.3150801063
,1300,,,0.3147699833
,1301,,,0.2730439007
,1302,,,0.2912994623
,1303,,,0.3016855419
,1304,,,0.3039900661
,1305,,,0.2987019718
,1306,,,0.3041048944
,1307,,,0.303974092
,1308,,,0.303132683
,1309,,,0.3001492023
,1310,,,0.3013628125
,1311,,,0.3043254316
,1312,,,0.3056854904
,1313,,,0.3069112599
,1314,,,0.3081945479
,1315,,,0.3072510958
,1316,,,0.3075323403
,1317,,,0.3087936938
,1318,,,0.3093905151
,1319,,,0.3101584613
,1320,,,0.3097353578
,1321,,,0.3096518219
,1322,,,0.3101047575
,1323,,,0.3113560975
,1324,,,0.311075896
,1325,,,0.310043633
,1326,,,0.3091802895
,1327,,,0.3097220659
,1328,,,0.3092869222
,1329,,,0.3082389832
,1330,,,0.3086482882
,1331,,,0.3092208803
,1332,,,0.3098479211
,1333,,,0.3099825084
,1334,,,0.3099088073
,1335,,,0.3094710112
,1336,,,0.3094312251
,1337,,,0.309753567
,1338,,,0.3095349371
,1339,,,0.3092124164
,1340,,,0.3084551096
,1341,,,0.3085039854
,1342,,,0.3082012236
,1343,,,0.3091910481
,1344,,,0.3089912534
,1345,,,0.3094241023
,1346,,,0.2866959572
,1347,,,0.2808658779
,1348,,,0.2863096893
,1349,,,0.2967905998
,1350,,,0.2957311571
,1351,,,0.2988596559
,1352,,,0.30216223
,1353,,,0.3031747937
,1354,,,0.3058388531
,1355,,,0.3065299094
,1356,,,0.3073813617
,1357,,,0.3095403314
,1358,,,0.3096354306
,1359,,,0.31065467
,1360,,,0.3126916587
,1361,,,0.3121731281
,1362,,,0.3122353256
,1363,,,0.3120544553
,1364,,,0.3114344776
,1365,,,0.3106974661
,1366,,,0.3104121387
,1367,,,0.310436815
,1368,,,0.3104956746
,1369,,,0.3099719882
,1370,,,0.3096455634
,1371,,,0.3100541532
,1372,,,0.3102344871
,1373,,,0.3105063438
,1374,,,0.3109676838
,1375,,,0.3106921613
,1376,,,0.3106600642
,1377,,,0.3100845218
,1378,,,0.3106001019
,1379,,,0.310059607
,1380,,,0.3112204075
,1381,,,0.3112229109
,1382,,,0.2800676823
,1383,,,0.2864899039
,1384,,,0.2817482352
,1385,,,0.2888378501
,1386,,,0.2898655534
,1387,,,0.2896985114
,1388,,,0.2890549898
,1389,,,0.2891703248
,1390,,,0.2876675725
,1391,,,0.2861676812
,1392,,,0.2885613441
,1393,,,0.2888261676
,1394,,,0.2893259227
,1395,,,0.2905383706
,1396,,,0.2911565304
,1397,,,0.2960073352
,1398,,,0.2969513535
,1399,,,0.2971760631
,1400,,,0.2989300787
,1401,,,0.2994354665
,1402,,,0.2993527949
,1403,,,0.2992025316
,1404,,,0.3003654778
,1405,,,0.2999227345
,1406,,,0.300154686
,1407,,,0.2997680008
,1408,,,0.299543947
,1409,,,0.2998933792
,1410,,,0.3002316952
,1411,,,0.3016427457
,1412,,,0.3012282252
,1413,,,0.3016757667
,1414,,,0.301712364
,1415,,,0.3014573753
,1416,,,0.3015422225
,1417,,,0.3026776314
,1418,,,0.3035019338
,1419,,,0.3041809201
,1420,,,0.3045674264
,1421,,,0.3045394719
,1422,,,0.3041029274
,1423,,,0.3033202887
,1424,,,0.3049591184
,1425,,,0.3052264154
,1426,,,0.3049942553
,1427,,,0.3046089411
,1428,,,0.3045883179
,1429,,,0.2737374008
,1430,,,0.314738512
,1431,,,0.3153093755
,1432,,,0.3149569929
,1433,,,0.3020446301
,1434,,,0.3029130101
,1435,,,0.3025411069
,1436,,,0.3039913476
,1437,,,0.3031949699
,1438,,,0.3021539152
,1439,,,0.3002961576
,1440,,,0.3017268181
,1441,,,0.3013927341
,1442,,,0.3011418879
,1443,,,0.3011107743
,1444,,,0.300483346
,1445,,,0.3000323474
,1446,,,0.2990188003
,1447,,,0.298129648
,1448,,,0.2989152372
,1449,,,0.2999562323
,1450,,,0.2995770574
,1451,,,0.3005181849
,1452,,,0.3003492355
,1453,,,0.3006597161
,1454,,,0.3003544807
,1455,,,0.3003821969
,1456,,,0.3005139232
,1457,,,0.3012256324
,1458,,,0.3009953499
,1459,,,0.3014409542
,1460,,,0.3021193743
,1461,,,0.3026103079
,1462,,,0.3028140962
,1463,,,0.3026866913
,1464,,,0.3019345403
,1465,,,0.3018488288
,1466,,,0.301352948
,1467,,,0.3024171293
,1468,,,0.3018070459
,1469,,,0.3021296859
,1470,,,0.3021196723
,1471,,,0.3028236032
,1472,,,0.303439647
,1473,,,0.3279410899
,1474,,,0.3010197282
,1475,,,0.299898833
,1476,,,0.2973743081
,1477,,,0.3009087443
,1478,,,0.3002982438
,1479,,,0.2983523905
,1480,,,0.2954308689
,1481,,,0.2922776043
,1482,,,0.2888289094
,1483,,,0.2890224457
,1484,,,0.2900155783
,1485,,,0.2894102633
,1486,,,0.2895678878
,1487,,,0.2912352383
,1488,,,0.2914875746
,1489,,,0.2914892733
,1490,,,0.293502748
,1491,,,0.2951049507
,1492,,,0.2976866961
,1493,,,0.2983365953
,1494,,,0.2984251082
,1495,,,0.2985304594
,1496,,,0.29981637
,1497,,,0.2994274199
,1498,,,0.3008876145
,1499,,,0.3019234836
,1500,,,0.3014144897
,1501,,,0.301255703
,1502,,,0.3011806309
,1503,,,0.3007995486
,1504,,,0.3007791936
,1505,,,0.3009287119
,1506,,,0.301027298
,1507,,,0.3009565473
,1508,,,0.3023405671
,1509,,,0.3014157116
,1510,,,0.3014026582
,1511,,,0.3016355336
,1512,,,0.2929926217
,1513,,,0.295633167
,1514,,,0.2907067835
,1515,,,0.2884224653
,1516,,,0.287401557
,1517,,,0.2909785807
,1518,,,0.2934222221
,1519,,,0.2918151915
,1520,,,0.2910676599
,1521,,,0.2918308675
,1522,,,0.2921034098
,1523,,,0.291918546
,1524,,,0.295037508
,1525,,,0.2840664089
,1526,,,0.2930062115
,1527,,,0.2885327041
,1528,,,0.2869583368
,1529,,,0.294428587
,1530,,,0.2986343801
,1531,,,0.3019940853
,1532,,,0.3035463393
,1533,,,0.3036048412
,1534,,,0.3030464351
,1535,,,0.3035467267
,1536,,,0.3033129573
,1537,,,0.3033670485
,1538,,,0.3041532338
,1539,,,0.3034678996
,1540,,,0.3042606115
,1541,,,0.3042164445
,1542,,,0.3050223887
,1543,,,0.3042515218
,1544,,,0.3043669164
,1545,,,0.3042442501
,1546,,,0.3047404885
,1547,,,0.3064292371
,1548,,,0.3055928946
,1549,,,0.3061379492
,1550,,,0.3061527312
,1551,,,0.3076599836
,1552,,,0.3075326383
,1553,,,0.3078907728
,1554,,,0.3082131147
,1555,,,0.2945989966
,1556,,,0.2892077863
,1557,,,0.2873565257
,1558,,,0.2962961793
,1559,,,0.2964709401
,1560,,,0.2966981232
,1561,,,0.2967139482
,1562,,,0.2965016663
,1563,,,0.2947749794
,1564,,,0.2940818369
,1565,,,0.2938397527
,1566,,,0.294272393
,1567,,,0.2921253741
,1568,,,0.2925345898
,1569,,,0.2936942875
,1570,,,0.2945700884
,1571,,,0.294698
,1572,,,0.2947307229
,1573,,,0.2947767973
,1574,,,0.2950728536
,1575,,,0.2957158983
,1576,,,0.295445621
,1577,,,0.2957713306
,1578,,,0.2960160971
,1579,,,0.2959452271
,1580,,,0.2979934514
,1581,,,0.2974499166
,1582,,,0.2975350022
,1583,,,0.2981078923
,1584,,,0.2997607291
,1585,,,0.3005396426
,1586,,,0.3005095422
,1587,,,0.3001669645
,1588,,,0.3155432045
,1589,,,0.2869364321
,1590,,,0.3069750965
,1591,,,0.2945803702
,1592,,,0.2951679826
,1593,,,0.3015256822
,1594,,,0.3025254011
,1595,,,0.300868839
,1596,,,0.3003441393
,1597,,,0.3010627031
,1598,,,0.3011409342
,1599,,,0.3007101417
,1600,,,0.3007837236
,1601,,,0.3001901805
,1602,,,0.3015374839
,1603,,,0.3021436632
,1604,,,0.3020171225
,1605,,,0.3025868833
,1606,,,0.3027743697
,1607,,,0.3021279275
,1608,,,0.3016662896
,1609,,,0.3017061353
,1610,,,0.3019105792
,1611,,,0.3029392064
,1612,,,0.302781105
,1613,,,0.3021860719
,1614,,,0.3017672002
,1615,,,0.3015759587
,1616,,,0.3017296195
,1617,,,0.3023539484
,1618,,,0.3027255535
,1619,,,0.3024683893
,1620,,,0.3028135896
,1621,,,0.2784587741
,1622,,,0.2835752368
,1623,,,0.2861427963
,1624,,,0.2880168259
,1625,,,0.2875392139
,1626,,,0.2895556688
,1627,,,0.290135622
,1628,,,0.2909436226
,1629,,,0.2918362916
,1630,,,0.2895527482
,1631,,,0.2892988622
,1632,,,0.2895642817
,1633,,,0.290869683
,1634,,,0.29036358
,1635,,,0.2917484045
,1636,,,0.291695416
,1637,,,0.2925336063
,1638,,,0.2922790945
,1639,,,0.2926906943
,1640,,,0.2924606204
,1641,,,0.2922452986
,1642,,,0.292882055
,1643,,,0.2934541702
,1644,,,0.2952775955
,1645,,,0.2950105965
,1646,,,0.2951199114
,1647,,,0.31453529
,1648,,,0.2852092385
,1649,,,0.2857169211
,1650,,,0.2854318023
,1651,,,0.2874638736
,1652,,,0.2854083776
,1653,,,0.2868537605
,1654,,,0.2861989737
,1655,,,0.2869339585
,1656,,,0.2870037258
,1657,,,0.2865860164
,1658,,,0.2860569954
,1659,,,0.286125809
,1660,,,0.2866657972
,1661,,,0.2874370515
,1662,,,0.2887840271
,1663,,,0.2886478603
,1664,,,0.2884095907
,1665,,,0.2890453041
,1666,,,0.2892928421
,1667,,,0.289040029
,1668,,,0.2894218862
,1669,,,0.2901937366
,1670,,,0.2901113927
,1671,,,0.2917204797
,1672,,,0.2912182808
,1673,,,0.2912942767
,1674,,,0.2912245393
,1675,,,0.2917204201
,1676,,,0.2907812893
,1677,,,0.2910943031
,1678,,,0.2915002406
,1679,,,0.2916827202
,1680,,,0.2878347933
,1681,,,0.3069432378
,1682,,,0.3076776862
,1683,,,0.3025557697
,1684,,,0.3014614582
,1685,,,0.3012156188
,1686,,,0.294849664
,1687,,,0.2923372388
,1688,,,0.2991090715
,1689,,,0.3002496064
,1690,,,0.3006557822
,1691,,,0.2997135818
,1692,,,0.3005490303
,1693,,,0.3008659184
,1694,,,0.299777925
,1695,,,0.2965489924
,1696,,,0.2937687635
,1697,,,0.2950865924
,1698,,,0.294901222
,1699,,,0.2948301435
,1700,,,0.2944777608
,1701,,,0.2939785123
,1702,,,0.2944833934
,1703,,,0.2944276333
,1704,,,0.2938649654
,1705,,,0.2942845225
,1706,,,0.2936972678
,1707,,,0.2944822609
,1708,,,0.2947580218
,1709,,,0.2952595949
,1710,,,0.2954164445
,1711,,,0.2954606116
,1712,,,0.2955199182
,1713,,,0.2950007915
,1714,,,0.2950596511
,1715,,,0.2952546775
,1716,,,0.2956639826
,1717,,,0.2957689166
,1718,,,0.2951150239
,1719,,,0.2948947251
,1720,,,0.2953768075
,1721,,,0.2626563609
,1722,,,0.2820447683
,1723,,,0.2773475945
,1724,,,0.2807540298
,1725,,,0.2802357972
,1726,,,0.2814996243
,1727,,,0.2857835889
,1728,,,0.2845081687
,1729,,,0.2863550186
,1730,,,0.2854107022
,1731,,,0.2845349312
,1732,,,0.2848931849
,1733,,,0.2879014909
,1734,,,0.2910039425
,1735,,,0.291413337
,1736,,,0.2925152779
,1737,,,0.2908477485
,1738,,,0.2901299596
,1739,,,0.2892576158
,1740,,,0.28932935
,1741,,,0.2887056172
,1742,,,0.289039135
,1743,,,0.2895577252
,1744,,,0.2884370983
,1745,,,0.2883669138
,1746,,,0.2884905636
,1747,,,0.2884526253
,1748,,,0.2897193134
,1749,,,0.2898818254
,1750,,,0.2896209359
,1751,,,0.2893923819
,1752,,,0.2894015014
,1753,,,0.2880045474
,1754,,,0.2892777622
,1755,,,0.2892879546
,1756,,,0.2894591987
,1757,,,0.290135026
,1758,,,0.2903689146
,1759,,,0.2899481952
,1760,,,0.2902561724
,1761,,,0.2906965613
,1762,,,0.2905891836
,1763,,,0.2912349999
,1764,,,0.2912954092
,1765,,,0.2915936112
,1766,,,0.2916847169
,1767,,,0.2914303243
,1768,,,0.2917610705
,1769,,,0.2615180016
,1770,,,0.2623943985
,1771,,,0.2584795356
,1772,,,0.2770906091
,1773,,,0.2779756486
,1774,,,0.2795007527
,1775,,,0.2779125273
,1776,,,0.2786668837
,1777,,,0.2772227228
,1778,,,0.2790394127
,1779,,,0.2770187855
,1780,,,0.2841031849
,1781,,,0.2868209481
,1782,,,0.2869515419
,1783,,,0.2871785164
,1784,,,0.2870763242
,1785,,,0.2870819867
,1786,,,0.287173003
,1787,,,0.2869193554
,1788,,,0.2869550884
,1789,,,0.2869713902
,1790,,,0.287202239
,1791,,,0.2879044116
,1792,,,0.288303256
,1793,,,0.2880922258
,1794,,,0.2879274487
,1795,,,0.2885156572
,1796,,,0.2878668606
,1797,,,0.2875156999
,1798,,,0.2880252898
,1799,,,0.2883711755
,1800,,,0.2885727286
,1801,,,0.2885012031
,1802,,,0.2881929576
,1803,,,0.288315773
,1804,,,0.2882865071
,1805,,,0.287879169
,1806,,,0.2878077328
,1807,,,0.2878905833
,1808,,,0.2881556153
,1809,,,0.2890921235
,1810,,,0.2960895002
,1811,,,0.294421345
,1812,,,0.2819163501
,1813,,,0.2693323493
,1814,,,0.2788789272
,1815,,,0.2801653743
,1816,,,0.2799561322
,1817,,,0.2787154019
,1818,,,0.2774927914
,1819,,,0.2783394456
,1820,,,0.2776322663
,1821,,,0.2773351967
,1822,,,0.277983129
,1823,,,0.2783068717
,1824,,,0.2782522738
,1825,,,0.2789163888
,1826,,,0.277826488
,1827,,,0.2782583833
,1828,,,0.2785425484
,1829,,,0.2785304487
,1830,,,0.2804996371
,1831,,,0.2807159722
,1832,,,0.2809044719
,1833,,,0.2814439535
,1834,,,0.2812819183
,1835,,,0.2841203809
,1836,,,0.285343945
,1837,,,0.2847129405
,1838,,,0.2859544158
,1839,,,0.2862554491
,1840,,,0.2867096961
,1841,,,0.2873902917
,1842,,,0.2872028649
,1843,,,0.2875288427
,1844,,,0.2887271345
,1845,,,0.2892249525
,1846,,,0.2893264592
,1847,,,0.2891224921
,1848,,,0.2888908982
,1849,,,0.2889760137
,1850,,,0.2891798317
,1851,,,0.2901772857
,1852,,,0.2679781318
,1853,,,0.276989013
,1854,,,0.276787132
,1855,,,0.2802677155
,1856,,,0.2831673026
,1857,,,0.2809927762
,1858,,,0.2813037932
,1859,,,0.2803838253
,1860,,,0.281776011
,1861,,,0.2804028094
,1862,,,0.2808071077
,1863,,,0.2787193954
,1864,,,0.2781369388
,1865,,,0.2773145735
,1866,,,0.277020961
,1867,,,0.2783332765
,1868,,,0.2789913714
,1869,,,0.2790195942
,1870,,,0.2781518698
,1871,,,0.2786142528
,1872,,,0.2786078155
,1873,,,0.2831607163
,1874,,,0.2832172215
,1875,,,0.2839707434
,1876,,,0.2840209007
,1877,,,0.2844467759
,1878,,,0.2835126221
,1879,,,0.2842218578
,1880,,,0.2837462425
,1881,,,0.2847957611
,1882,,,0.284822911
,1883,,,0.2851828933
,1884,,,0.2855931818
,1885,,,0.2857203484
,1886,,,0.2298268527
,1887,,,0.2511850595
,1888,,,0.2470618188
,1889,,,0.2883431911
,1890,,,0.2895173728
,1891,,,0.2879573703
,1892,,,0.2840844989
,1893,,,0.2853970528
,1894,,,0.2884533405
,1895,,,0.28787902
,1896,,,0.284288168
,1897,,,0.2832960188
,1898,,,0.2844102085
,1899,,,0.2832823992
,1900,,,0.2839143276
,1901,,,0.2850577235
,1902,,,0.2858480215
,1903,,,0.2851800025
,1904,,,0.2847572863
,1905,,,0.2846953869
,1906,,,0.2855583131
,1907,,,0.2861191928
,1908,,,0.2862971425
,1909,,,0.2862258255
,1910,,,0.2866300046
,1911,,,0.2868970037
,1912,,,0.2865959108
,1913,,,0.2875912786
,1914,,,0.2882188261
,1915,,,0.2880778313
,1916,,,0.2888741791
,1917,,,0.2883382738
,1918,,,0.2885729074
,1919,,,0.288546592
,1920,,,0.2886744738
,1921,,,0.2889847755
,1922,,,0.2894946635
,1923,,,0.2900429368
,1924,,,0.2908798158
,1925,,,0.2781636119
,1926,,,0.2712070942
,1927,,,0.2667433619
,1928,,,0.2731015086
,1929,,,0.2731428146
,1930,,,0.2745496333
,1931,,,0.2731150687
,1932,,,0.2789250314
,1933,,,0.2787273526
,1934,,,0.2813036144
,1935,,,0.2803585529
,1936,,,0.2804535329
,1937,,,0.2802632749
,1938,,,0.2812638283
,1939,,,0.2805513442
,1940,,,0.2792078257
,1941,,,0.2801020145
,1942,,,0.2798305154
,1943,,,0.2800701261
,1944,,,0.2805593312
,1945,,,0.2810446322
,1946,,,0.2817167342
,1947,,,0.2823477089
,1948,,,0.2833551466
,1949,,,0.2849835157
,1950,,,0.2857723236
,1951,,,0.2857978046
,1952,,,0.2863070071
,1953,,,0.2879628837
,1954,,,0.2880703509
,1955,,,0.2880011201
,1956,,,0.2881839573
,1957,,,0.2880658507
,1958,,,0.2878831625
,1959,,,0.2881402671
,1960,,,0.2883182168
,1961,,,0.2837857604
,1962,,,0.2912542522
,1963,,,0.2817353606
,1964,,,0.283134222
,1965,,,0.2833706141
,1966,,,0.2835991085
,1967,,,0.2839502692
,1968,,,0.2829890251
,1969,,,0.283449918
,1970,,,0.2841238976
,1971,,,0.2819824517
,1972,,,0.2815130949
,1973,,,0.2811202407
,1974,,,0.281354636
,1975,,,0.281933248
,1976,,,0.2838399708
,1977,,,0.2837758064
,1978,,,0.2829673886
,1979,,,0.2828419805
,1980,,,0.2834255993
,1981,,,0.2850267887
,1982,,,0.2845861316
,1983,,,0.2824246883
,1984,,,0.2824666798
,1985,,,0.2831452191
,1986,,,0.2833758891
,1987,,,0.2839156687
,1988,,,0.2836767137
,1989,,,0.2841723859
,1990,,,0.2841354907
,1991,,,0.2842133641
,1992,,,0.2841745317
,1993,,,0.2857630253
,1994,,,0.289228797
,1995,,,0.2869057953
,1996,,,0.2626393437
,1997,,,0.2763540745
,1998,,,0.2778741717
,1999,,,0.2773249149
,2000,,,0.2790476978
,2001,,,0.2823761404
,2002,,,0.2798581421
,2003,,,0.2802509367
,2004,,,0.2816354036
,2005,,,0.2830149233
,2006,,,0.2833285332
,2007,,,0.2831618488
,2008,,,0.2818140686
,2009,,,0.2822341919
,2010,,,0.2826193869
,2011,,,0.2830882967
,2012,,,0.2832398415
,2013,,,0.2829563618
,2014,,,0.28340891
,2015,,,0.2834192514
,2016,,,0.2830139995
,2017,,,0.2837795317
,2018,,,0.2835340798
,2019,,,0.2830379307
,2020,,,0.2838452458
,2021,,,0.2865959406
,2022,,,0.2883046567
,2023,,,0.2884986997
,2024,,,0.3086643219
,2025,,,0.3019759059
,2026,,,0.3052378297
,2027,,,0.2924630642
,2028,,,0.2895258367
,2029,,,0.2895309031
,2030,,,0.2877380848
,2031,,,0.2862128317
,2032,,,0.2843970656
,2033,,,0.2798856497
,2034,,,0.2824220359
,2035,,,0.2834630311
,2036,,,0.2828190625
,2037,,,0.2838723361
,2038,,,0.2834734023
,2039,,,0.2834334671
,2040,,,0.2833056152
,2041,,,0.2826247811
,2042,,,0.2817510366
,2043,,,0.2814783752
,2044,,,0.2807121277
,2045,,,0.2801407576
,2046,,,0.280513078
,2047,,,0.2804106474
,2048,,,0.2809808552
,2049,,,0.2810021937
,2050,,,0.2810565233
,2051,,,0.2816032171
,2052,,,0.2814105153
,2053,,,0.2823636532
,2054,,,0.2827268839
,2055,,,0.2827356756
,2056,,,0.2825903594
,2057,,,0.2821949124
,2058,,,0.2827250659
,2059,,,0.2831610739
,2060,,,0.2835226953
,2061,,,0.2834354043
,2062,,,0.2662449181
,2063,,,0.2689556479
,2064,,,0.2610293627
,2065,,,0.257232517
,2066,,,0.2579340935
,2067,,,0.2696830332
,2068,,,0.2643895745
,2069,,,0.2636089921
,2070,,,0.2698179781
,2071,,,0.2684175372
,2072,,,0.2725849748
,2073,,,0.2763806283
,2074,,,0.2763109803
,2075,,,0.2776890397
,2076,,,0.2792192996
,2077,,,0.2795778215
,2078,,,0.2789479494
,2079,,,0.2778206468
,2080,,,0.2777956426
,2081,,,0.278344959
,2082,,,0.2788680792
,2083,,,0.2781846523
,2084,,,0.2793843746
,2085,,,0.2808262706
,2086,,,0.2816594243
,2087,,,0.2818741798
,2088,,,0.2817787826
,2089,,,0.2834390402
,2090,,,0.2834452391
,2091,,,0.2832934558
,2092,,,0.2836604416
,2093,,,0.2843396664
,2094,,,0.2848370373
,2095,,,0.2849395573
,2096,,,0.2519777417
,2097,,,0.2495934516
,2098,,,0.2713946402
,2099,,,0.26845631
,2100,,,0.268653512
,2101,,,0.2773340344
,2102,,,0.278411448
,2103,,,0.2778442502
,2104,,,0.2772700191
,2105,,,0.2777321935
,2106,,,0.2792665958
,2107,,,0.2809086442
,2108,,,0.278947413
,2109,,,0.2781988978
,2110,,,0.2785284817
,2111,,,0.2804199755
,2112,,,0.2802391648
,2113,,,0.2804246545
,2114,,,0.2809828222
,2115,,,0.2807313502
,2116,,,0.2804681659
,2117,,,0.280294925
,2118,,,0.2808139622
,2119,,,0.281739831
,2120,,,0.2820685208
,2121,,,0.2820007503
,2122,,,0.2826089561
,2123,,,0.2821556628
,2124,,,0.2821326256
,2125,,,0.28206864
,2126,,,0.2829617262
,2127,,,0.2832739353
,2128,,,0.2830959558
,2129,,,0.2846581042
,2130,,,0.2844451666
,2131,,,0.2842397988
,2132,,,0.276653707
,2133,,,0.2795913219
,2134,,,0.278737694
,2135,,,0.2793157399
,2136,,,0.2797383964
,2137,,,0.2800650895
,2138,,,0.2786674798
,2139,,,0.277669251
,2140,,,0.2757208347
,2141,,,0.2760394514
,2142,,,0.2750232518
,2143,,,0.274523735
,2144,,,0.2740088105
,2145,,,0.2769770324
,2146,,,0.2782755196
,2147,,,0.2785016298
,2148,,,0.278680712
,2149,,,0.278519094
,2150,,,0.2797226012
,2151,,,0.2795486152
,2152,,,0.2802778482
,2153,,,0.2821656466
,2154,,,0.282494396
,2155,,,0.2826940417
,2156,,,0.2835477591
,2157,,,0.2836094201
,2158,,,0.2831516266
,2159,,,0.2836900055
,2160,,,0.2840029597
,2161,,,0.2832071185
,2162,,,0.2834337652
,2163,,,0.2830637097
,2164,,,0.2833099067
,2165,,,0.2833518088
,2166,,,0.2837296426
,2167,,,0.2841308713
,2168,,,0.2840481997
,2169,,,0.2844214439
,2170,,,0.2567218542
,2171,,,0.2544534206
,2172,,,0.257635057
,2173,,,0.2628508806
,2174,,,0.2607729733
,2175,,,0.2596101463
,2176,,,0.2586741447
,2177,,,0.2595364153
,2178,,,0.2647012472
,2179,,,0.2662377059
,2180,,,0.2648609877
,2181,,,0.2659959793
,2182,,,0.2655591369
,2183,,,0.2667427957
,2184,,,0.2661485076
,2185,,,0.2670241892
,2186,,,0.2697272599
,2187,,,0.2720547318
,2188,,,0.2726663053
,2189,,,0.2726202309
,2190,,,0.2719989717
,2191,,,0.2716103196
,2192,,,0.2722150981
,2193,,,0.2718094885
,2194,,,0.2737655342
,2195,,,0.2730114758
,2196,,,0.272620976
,2197,,,0.2724612057
,2198,,,0.2716747224
,2199,,,0.2721541226
,2200,,,0.2730703652
,2201,,,0.2730855644
,2202,,,0.2732997537
,2203,,,0.2743866444
,2204,,,0.274360925
,2205,,,0.274119854
,2206,,,0.2747891247
,2207,,,0.274099946
,2208,,,0.2753031552
,2209,,,0.2747789621
,2210,,,0.2770814598
,2211,,,0.2770670354
,2212,,,0.2776207924
,2213,,,0.2775328159
,2214,,,0.2777127326
,2215,,,0.2775380313
,2216,,,0.2778864801
,2217,,,0.2779649794
,2218,,,0.2782199681
,2219,,,0.2614498436
,2220,,,0.2631479502
,2221,,,0.266523689
,2222,,,0.2610194981
,2223,,,0.2710261941
,2224,,,0.2710376382
,2225,,,0.273578614
,2226,,,0.2734828591
,2227,,,0.2777777612
,2228,,,0.2812791169
,2229,,,0.2799651921
,2230,,,0.2807985246
,2231,,,0.2811055779
,2232,,,0.2827315331
,2233,,,0.2829344571
,2234,,,0.2831669152
,2235,,,0.2823599875
,2236,,,0.2819800377
,2237,,,0.2822409868
,2238,,,0.2816275656
,2239,,,0.2808842063
,2240,,,0.2793030441
,2241,,,0.2808037102
,2242,,,0.2815380096
,2243,,,0.2854592502
,2244,,,0.2861076593
,2245,,,0.2861675322
,2246,,,0.2866874039
,2247,,,0.2865346372
,2248,,,0.2864089012
,2249,,,0.2872542441
,2250,,,0.286872685
,2251,,,0.2868593931
,2252,,,0.2868834436
,2253,,,0.2868406475
,2254,,,0.2871155143
,2255,,,0.2872476578
,2256,,,0.286249578
,2257,,,0.2858576179
,2258,,,0.2855413556
,2259,,,0.2711666226
,2260,,,0.2754357755
,2261,,,0.2774207592
,2262,,,0.2822730243
,2263,,,0.2832986712
,2264,,,0.2870998979
,2265,,,0.289106667
,2266,,,0.2878167629
,2267,,,0.289858222
,2268,,,0.2854510248
,2269,,,0.2814490795
,2270,,,0.2800477743
,2271,,,0.2823162079
,2272,,,0.282319814
,2273,,,0.2806952
,2274,,,0.2813761532
,2275,,,0.2811713219
,2276,,,0.28218472
,2277,,,0.2820706367
,2278,,,0.2816207111
,2279,,,0.2812816203
,2280,,,0.2818291783
,2281,,,0.281601727
,2282,,,0.2812214196
,2283,,,0.2804761827
,2284,,,0.2800773084
,2285,,,0.2813914716
,2286,,,0.2810244262
,2287,,,0.2812211812
,2288,,,0.2816013992
,2289,,,0.2820957601
,2290,,,0.2455960661
,2291,,,0.26931566
,2292,,,0.2677666247
,2293,,,0.2725569308
,2294,,,0.2735567689
,2295,,,0.2742058039
,2296,,,0.2735568285
,2297,,,0.2746255696
,2298,,,0.2777284086
,2299,,,0.2763659954
,2300,,,0.2770687044
,2301,,,0.2739959359
,2302,,,0.2737726867
,2303,,,0.2731338739
,2304,,,0.2736562192
,2305,,,0.2729167044
,2306,,,0.2750813067
,2307,,,0.2740208209
,2308,,,0.2752401829
,2309,,,0.2767083943
,2310,,,0.2772210836
,2311,,,0.2771680355
,2312,,,0.2775293291
,2313,,,0.2778178751
,2314,,,0.278051734
,2315,,,0.2779277265
,2316,,,0.2786918879
,2317,,,0.278680563
,2318,,,0.2785321772
,2319,,,0.2797137797
,2320,,,0.2800049186
,2321,,,0.2803964019
,2322,,,0.2806648016
,2323,,,0.2811162472
,2324,,,0.2817153037
,2325,,,0.2816329896
,2326,,,0.28176561
,2327,,,0.2815205157
,2328,,,0.2814094722
,2329,,,0.2815163434
,2330,,,0.2366620302
,2331,,,0.2501600683
,2332,,,0.2564066052
,2333,,,0.2620644867
,2334,,,0.2685292363
,2335,,,0.2686468661
,2336,,,0.269441396
,2337,,,0.2717790902
,2338,,,0.2711112797
,2339,,,0.2708963454
,2340,,,0.2707321048
,2341,,,0.2714973688
,2342,,,0.275433749
,2343,,,0.2752396762
,2344,,,0.2753005326
,2345,,,0.2755256295
,2346,,,0.2750113308
,2347,,,0.2746540606
,2348,,,0.2744612396
,2349,,,0.2755947113
,2350,,,0.2754253745
,2351,,,0.2763677537
,2352,,,0.2773809433
,2353,,,0.2781609893
,2354,,,0.2777727246
,2355,,,0.2784746289
,2356,,,0.2798275948
,2357,,,0.2794572413
,2358,,,0.2794289291
,2359,,,0.2808206379
,2360,,,0.2809145451
,2361,,,0.2797866464
,2362,,,0.2797167599
,2363,,,0.2803190649
,2364,,,0.280629009
,2365,,,0.2810364962
,2366,,,0.2811216414
,2367,,,0.2819419503
,2368,,,0.2821117342
,2369,,,0.2823369801
,2370,,,0.2823909819
,2371,,,0.2845352292
,2372,,,0.2711976171
,2373,,,0.2691600323
,2374,,,0.2709085643
,2375,,,0.2718315125
,2376,,,0.2714474201
,2377,,,0.2737508118
,2378,,,0.2735619843
,2379,,,0.273709774
,2380,,,0.2732152641
,2381,,,0.2724204659
,2382,,,0.2724812031
,2383,,,0.2736334205
,2384,,,0.2749139071
,2385,,,0.2744013667
,2386,,,0.2741409242
,2387,,,0.2752348483
,2388,,,0.2747478187
,2389,,,0.2755517364
,2390,,,0.2755170465
,2391,,,0.2755548954
,2392,,,0.275688678
,2393,,,0.2755363882
,2394,,,0.2759952843
,2395,,,0.2760063112
,2396,,,0.2765244246
,2397,,,0.2763053477
,2398,,,0.2778367698
,2399,,,0.2782894671
,2400,,,0.2787036896
,2401,,,0.2564031184
,2402,,,0.2585791647
,2403,,,0.2586477995
,2404,,,0.2636131942
,2405,,,0.2593580484
,2406,,,0.2617157698
,2407,,,0.2602641881
,2408,,,0.2612996399
,2409,,,0.261806488
,2410,,,0.2634506524
,2411,,,0.2657178938
,2412,,,0.2687898278
,2413,,,0.2684087753
,2414,,,0.2685339749
,2415,,,0.2693990171
,2416,,,0.2698720992
,2417,,,0.2696482539
,2418,,,0.268183589
,2419,,,0.2696602046
,2420,,,0.2699781656
,2421,,,0.2714261711
,2422,,,0.2721959054
,2423,,,0.2728412449
,2424,,,0.2732342482
,2425,,,0.2742267251
,2426,,,0.2742115855
,2427,,,0.274769038
,2428,,,0.2754267752
,2429,,,0.2754774094
,2430,,,0.2749788463
,2431,,,0.2756959796
,2432,,,0.2761007845
,2433,,,0.2763104439
,2434,,,0.2761137784
,2435,,,0.2314696759
,2436,,,0.2557821572
,2437,,,0.2569776475
,2438,,,0.2586201131
,2439,,,0.2549809813
,2440,,,0.2506892979
,2441,,,0.2522935271
,2442,,,0.2531541288
,2443,,,0.2548119128
,2444,,,0.2573008537
,2445,,,0.2581559122
,2446,,,0.2629339099
,2447,,,0.2638181746
,2448,,,0.2649598718
,2449,,,0.2661993504
,2450,,,0.2686844766
,2451,,,0.2693129182
,2452,,,0.2704748213
,2453,,,0.2737489939
,2454,,,0.2742079794
,2455,,,0.2742029727
,2456,,,0.2738899887
,2457,,,0.2741941214
,2458,,,0.2741245329
,2459,,,0.2757924795
,2460,,,0.2761023939
,2461,,,0.2760651708
,2462,,,0.2764223814
,2463,,,0.2763581574
,2464,,,0.2766357362
,2465,,,0.27657637
,2466,,,0.2772521675
,2467,,,0.2771407366
,2468,,,0.2774142921
,2469,,,0.2638692856
,2470,,,0.2623991668
,2471,,,0.2622630298
,2472,,,0.267264396
,2473,,,0.2659010887
,2474,,,0.2671868801
,2475,,,0.266410321
,2476,,,0.2670975924
,2477,,,0.2722465396
,2478,,,0.2714732885
,2479,,,0.2672838271
,2480,,,0.2664462924
,2481,,,0.2639710903
,2482,,,0.2683625221
,2483,,,0.2691865861
,2484,,,0.2695450783
,2485,,,0.2708127201
,2486,,,0.2703379095
,2487,,,0.268161267
,2488,,,0.2678431571
,2489,,,0.2701040208
,2490,,,0.2690140903
,2491,,,0.2681817114
,2492,,,0.2683968842
,2493,,,0.2686884999
,2494,,,0.2683008611
,2495,,,0.2685301006
,2496,,,0.2710762322
,2497,,,0.2719556391
,2498,,,0.2719525397
,2499,,,0.2726210654
,2500,,,0.2725094855
,2501,,,0.2728746533
,2502,,,0.273652643
,2503,,,0.2735560834
,2504,,,0.2752152979
,2505,,,0.2761034369
,2506,,,0.2755847573
,2507,,,0.2764322758
,2508,,,0.2766536474
,2509,,,0.2764689326
,2510,,,0.2575424016
,2511,,,0.2594393492
,2512,,,0.2586048245
,2513,,,0.2644857466
,2514,,,0.2643662691
,2515,,,0.2651929259
,2516,,,0.2707730234
,2517,,,0.27191028
,2518,,,0.2724308074
,2519,,,0.2750716805
,2520,,,0.2754727602
,2521,,,0.2750910819
,2522,,,0.2746137977
,2523,,,0.2751275003
,2524,,,0.2797362506
