<?xml version="1.0"?>
<opencv_storage>
<stage3>
  <maxWeakCount>8</maxWeakCount>
  <stageThreshold>-1.7798420190811157e+00</stageThreshold>
  <weakClassifiers>
    <_>
      <internalNodes>
        0 -1 2796 -1.2820799648761749e-01</internalNodes>
      <leafValues>
        5.4545456171035767e-01 -8.7500000000000000e-01</leafValues></_>
    <_>
      <internalNodes>
        0 -1 1299257 -3.5040408372879028e-02</internalNodes>
      <leafValues>
        4.1900542378425598e-01 -5.5087417364120483e-01</leafValues></_>
    <_>
      <internalNodes>
        0 -1 2370185 2.5040435139089823e-04</internalNodes>
      <leafValues>
        1.6201317310333252e-01 -6.6201561689376831e-01</leafValues></_>
    <_>
      <internalNodes>
        0 -1 237193 -1.8020717427134514e-02</internalNodes>
      <leafValues>
        5.4493123292922974e-01 -2.7787151932716370e-01</leafValues></_>
    <_>
      <internalNodes>
        0 -1 2708819 -1.5274470206350088e-04</internalNodes>
      <leafValues>
        -6.9852149486541748e-01 1.9837771356105804e-01</leafValues></_>
    <_>
      <internalNodes>
        0 -1 2265069 8.8181448518298566e-05</internalNodes>
      <leafValues>
        2.0022624731063843e-01 -5.9768784046173096e-01</leafValues></_>
    <_>
      <internalNodes>
        0 -1 2281438 -1.3208299642428756e-03</internalNodes>
      <leafValues>
        -7.0635086297988892e-01 1.5493465960025787e-01</leafValues></_>
    <_>
      <internalNodes>
        0 -1 2846950 -2.2398406872525811e-04</internalNodes>
      <leafValues>
        -6.0218864679336548e-01 1.4373393356800079e-01</leafValues></_></weakClassifiers></stage3>
</opencv_storage>
